KEGG_ID,Protein,Stoichiometry,Subunit,RHEA_ID,DeltaG,RevIndex
R00004,WP_014230697.1,6,A,24579,-33.57166357096246,-9.033286109632872
R00004,WP_014231511.1,2,B,24579,-33.57166357096246,-9.033286109632872
R00006,WP_014230733.1,2,B,25252,-27.018213699826333,-5.452438795723718
R00006,WP_014230733.1,2,B,25252,-27.018213699826333,-5.452438795723718
R00006,WP_014230733.1,2,B,25252,-27.018213699826333,-5.452438795723718
R00006,WP_014230733.1,2,B,25252,-27.018213699826333,-5.452438795723718
R00006,WP_014233403.1,2,B,25252,-27.018213699826333,-5.452438795723718
R00006,WP_014233403.1,2,B,25252,-27.018213699826333,-5.452438795723718
R00006,WP_014233403.1,2,B,25252,-27.018213699826333,-5.452438795723718
R00006,WP_014233403.1,2,B,25252,-27.018213699826333,-5.452438795723718
R00006,WP_020333557.1,2,A,25252,-27.018213699826333,-5.452438795723718
R00006,WP_020333557.1,2,A,25252,-27.018213699826333,-5.452438795723718
R00006,WP_020333557.1,2,A,25252,-27.018213699826333,-5.452438795723718
R00006,WP_020333557.1,2,A,25252,-27.018213699826333,-5.452438795723718
R00006,WP_020335849.1,2,A,25252,-27.018213699826333,-5.452438795723718
R00006,WP_020335849.1,2,A,25252,-27.018213699826333,-5.452438795723718
R00006,WP_020335849.1,2,A,25252,-27.018213699826333,-5.452438795723718
R00006,WP_020335849.1,2,A,25252,-27.018213699826333,-5.452438795723718
R00036,WP_031779279.1,8,,24067,-86.39210940223981,-23.245932993327774
R00066,WP_020333251.1,60,,20775,-96.8522260698818,-19.54536449902393
R00066,WP_020333699.1,60,,20775,-96.8522260698818,-19.54536449902393
R00078,WP_014233168.1,24,,11151,-20.37144592731346,-1.8271470634687819
R00084,WP_020334065.1,1,,13188,-149.3424702592446,-13.394761322243474
R00087,WP_020333972.1,2,,14248,-60.275977206559475,-16.21874193078456
R00089,WP_020334064.1,1,,15392,-16.633275908128972,-4.475594124223048
R00093,WP_020335903.1,2,A,13756,47.76121677350034,6.425668110656219
R00093,WP_014230823.1,2,A,13756,47.76121677350034,6.425668110656219
R00093,WP_020335901.1,2,B,13756,47.76121677350034,6.425668110656219
R00093,WP_014230821.1,2,B,13756,47.76121677350034,6.425668110656219
R00103,WP_020334705.1,2,,11803,-57.15044239616239,-15.377739514319423
R00103,WP_020333972.1,2,,11803,-57.15044239616239,-15.377739514319423
R00104,WP_014230981.1,6,,18632,-12.75907727524509,-2.574858897264195
R00112,WP_014233300.1,8,A,11695,-0.002144094989034784,-0.0004326913255558867
R00114,WP_020335903.1,2,A,15504,47.76336086848937,6.425956571539923
R00114,WP_014230823.1,2,A,15504,47.76336086848937,6.425956571539923
R00114,WP_020335901.1,2,B,15504,47.76336086848937,6.425956571539923
R00114,WP_014230821.1,2,B,15504,47.76336086848937,6.425956571539923
R00125,WP_014230715.1,1,,24255,-60.95538274030801,-16.40155278726314
R00127,WP_014231127.1,1,,12976,0.334459160192182,0.06749587966390053
R00130,WP_020333951.1,1,,18248,2.6944524229946865,0.5437567815396483
R00137,WP_014234741.1,1,,21363,-3.1255348103970846,-0.6307518123488518
R00150,WP_020336084.1,1,,10155,46.06498921162577,7.436954554954233
R00156,WP_014230937.1,4,,25101,-0.4206924835901873,-0.0848982854336978
R00158,WP_005494271.1,6,,24403,-0.5856878804379448,-0.11819535358496225
R00161,WP_020335928.1,1,,17240,-10.327291537738226,-2.084109840151094
R00174,WP_020333481.1,2,,10227,-17.692161348607556,-3.5703850739018894
R00174,WP_020335174.1,2,,10227,-17.692161348607556,-3.5703850739018894
R00177,WP_014233023.1,4,,21083,-107.79681647406346,-17.403239184608896
R00182,WP_014231027.1,1,,20132,-35.02245499753272,-9.423657412321221
R00183,WP_020332984.1,1,,29378,-31.687145927357612,-8.526210044803664
R00183,WP_020333325.1,1,,29378,-31.687145927357612,-8.526210044803664
R00183,WP_020334911.1,1,,29378,-31.687145927357612,-8.526210044803664
R00183,WP_024372917.1,1,,29378,-31.687145927357612,-8.526210044803664
R00183,WP_024372975.1,1,,29378,-31.687145927357612,-8.526210044803664
R00189,WP_020333748.1,2,,21191,-23.611169368917217,-3.1765844406487713
R00189,WP_020335374.1,2,,21191,-23.611169368917217,-3.1765844406487713
R00190,WP_020334560.1,2,,16612,21.85988043624235,4.411455971318186
R00191,WP_014230774.1,1,,25280,-43.64270129843021,-17.61472170984215
R00194,WP_014230819.1,2,,17808,-33.48307229499051,-9.009448436501765
R00196,WP_014234939.1,1,,19912,-182.87032660414746,-24.602891329551017
R00199,WP_020334436.1,2,,11367,-22.063730013240843,-3.5620752382557823
R00199,WP_020334978.1,2,,11367,-22.063730013240843,-3.5620752382557823
R00200,WP_014230734.1,4,,18160,25.02731995561635,5.050664407168787
R00200,WP_020335623.1,4,,18160,25.02731995561635,5.050664407168787
R00212,WP_020332855.1,2,,11847,19.814039438597177,3.998592894973714
R00214,WP_014231589.1,4,,12656,-5.00988701483621,-0.8088203794778931
R00216,WP_014233167.1,8,,18256,-5.007742919847175,-0.8084742264174484
R00217,WP_014232970.1,1,A,15644,-31.512817181067632,-8.479302585510133
R00217,WP_020333959.1,1,A,15644,-31.512817181067632,-8.479302585510133
R00217,WP_020333958.1,1,A,15644,-31.512817181067632,-8.479302585510133
R00220,WP_020333560.1,4,,19172,-47.281592052191,-12.722281331801764
R00221,WP_020333012.1,1,,13980,-45.86861454843654,-12.342084799958496
R00226,WP_014230733.1,2,A,25252,-27.018213699826333,-5.452438795723718
R00226,WP_014233403.1,2,B,25252,-27.018213699826333,-5.452438795723718
R00226,WP_020333557.1,2,B,25252,-27.018213699826333,-5.452438795723718
R00226,WP_020335849.1,2,A,25252,-27.018213699826333,-5.452438795723718
R00228,WP_020333215.1,1,,23291,-3.562931650709828,-0.575216910330888
R00230,WP_014232520.1,6,,19524,8.672467245030703,1.7501562977774705
R00230,WP_020335188.1,6,,19524,8.672467245030703,1.7501562977774705
R00236,WP_020336224.1,1,,23176,-8.201438782231207,-1.1033999383726332
R00236,WP_020334974.1,1,,23176,-8.201438782231207,-1.1033999383726332
R00238,WP_061778630.1,1,,21039,24.96679514822631,5.038450135285991
R00239,WP_014231006.1,4,,14880,28.860970453650566,5.824318244426787
R00243,WP_014231888.1,1,,15136,16.300842958771312,2.63168689207535
R00245,WP_020335027.1,2,,30238,-50.88112272422086,-10.268118040435246
R00245,WP_024372956.1,2,,30238,-50.88112272422086,-10.268118040435246
R00248,WP_020335903.1,2,A,11615,16.302987053760347,2.6320330451357945
R00248,WP_014230823.1,2,A,11615,16.302987053760347,2.6320330451357945
R00248,WP_020335901.1,2,B,11615,16.302987053760347,2.6320330451357945
R00248,WP_014230821.1,2,B,11615,16.302987053760347,2.6320330451357945
R00253,WP_020332829.1,12,,16172,-15.296216993936468,-2.057912682956379
R00253,WP_014231254.1,12,,16172,-15.296216993936468,-2.057912682956379
R00253,WP_014230521.1,12,,16172,-15.296216993936468,-2.057912682956379
R00256,WP_014233039.1,4,,15892,-31.460373814728683,-8.465191401186765
R00256,WP_014230813.1,1,A,15892,-31.460373814728683,-8.465191401186765
R00256,WP_014230812.1,1,A,15892,-31.460373814728683,-8.465191401186765
R00257,WP_020333748.1,2,,24387,-55.071543183645105,-6.3507258353503255
R00258,WP_014231230.1,2,,19456,0.15728392512843925,0.03174084655787288
R00259,WP_014232813.1,6,,24295,-25.72436301804339,-5.191331909398651
R00259,WP_014233156.1,1,,24295,-25.72436301804339,-5.191331909398651
R00260,WP_014233294.1,1,,12816,0.5574402955468258,0.2249896405074881
R00261,WP_020333004.1,1,,17788,-37.84525994655942,-10.183202874891064
R00264,WP_020333868.1,1,,11299,-43.07969758620948,-8.693743303562803
R00267,WP_014231318.1,2,,19632,-12.510625433933825,-2.0197758514342383
R00268,WP_014231318.1,2,,19384,,
R00277,WP_014235106.1,2,,15820,-114.32309096696265,-18.4568724893704
R00278,WP_014235106.1,2,,15152,-114.3706884667307,-23.08069607479794
R00286,WP_020335767.1,1,,23599,-28.50961898622745,-3.8356089300556335
R00289,WP_014233119.1,5,,19892,-10.521515582447698,-2.1233054260696074
R00289,WP_014233119.1,4,,19892,-10.521515582447698,-2.1233054260696074
R00291,WP_020333532.1,1,,22171,2.918375668718454,1.1778916913903104
R00310,WP_020333364.1,1,,22587,,
R00315,WP_014232519.1,2,,11355,13.990414860694386,2.8233502629824128
R00315,WP_020336024.1,2,,11355,13.990414860694386,2.8233502629824128
R00316,WP_020336224.1,1,,58139,,
R00316,WP_020336224.1,1,,58139,,
R00316,WP_020334974.1,1,,58139,,
R00316,WP_020334974.1,1,,58139,,
R00330,WP_014230937.1,4,,27689,-2.6677301092811376,-0.5383640571492794
R00332,WP_014230561.1,4,,20783,0.04150605634936255,0.008376172992451154
R00336,WP_014230559.1,1,,14256,-43.640221793302345,-11.742480634403492
R00341,WP_014230529.1,1,,18620,-6.4854972254510415,-1.0470500255710122
R00342,WP_014230708.1,2,,21435,26.50293016623118,5.348451464785186
R00351,WP_020334027.1,6,,16848,-38.761241776173165,-7.822252824663679
R00357,WP_014233002.1,1,,19028,-110.23803556464392,-17.797361396424193
R00362,WP_020335782.1,1,,10763,-13.31329664815523,-3.5822716211544217
R00369,WP_020334524.1,1,,24251,-8.387967921230825,-1.69274261500489
R00371,WP_020333441.1,2,,20739,32.81167024514963,6.621593336435018
R00372,WP_020334524.1,1,,14092,8.545251846359179,1.7244834615627458
R00396,WP_014231457.1,1,,18408,16.458126883900007,2.6570795693216893
R00405,WP_014231153.1,2,A,17664,-1.2140582230074415,-0.1633361906388287
R00405,WP_014231152.1,2,A,17664,-1.2140582230074415,-0.1633361906388287
R00409,WP_014231937.1,4,,16812,-11.173847314701675,-3.006599882239898
R00411,WP_014231645.1,1,,15172,-19.37490430472863,-5.21329702835318
R00416,WP_014233410.1,3,,13512,-10.761284257021089,-2.171692193520914
R00425,WP_014231011.1,2,,23707,-151.570262182495,-24.470235878167273
R00425,WP_014232379.1,2,,23707,-151.570262182495,-24.470235878167273
R00426,WP_014233038.1,2,,29394,-57.3152939934362,-15.422096912357105
R00426,WP_020333972.1,2,,29394,-57.3152939934362,-15.422096912357105
R00429,WP_014232988.1,1,,22091,,
R00430,WP_014230734.1,4,,30298,27.695050064897146,5.589028464317997
R00430,WP_020335623.1,4,,30298,27.695050064897146,5.589028464317997
R00434,WP_020334064.1,1,,13668,-21.289474550507492,-5.728459488817892
R00451,WP_020334062.1,2,,15104,-32.60685937587667,-8.773681687124531
R00470,WP_020335092.1,3,,18172,0.7708569704767001,0.20741812657576386
R00470,WP_020336248.1,3,,18172,0.7708569704767001,0.20741812657576386
R00472,WP_014230918.1,1,,18184,-38.65211842157689,-7.800231072273584
R00473,WP_020335782.1,1,,16632,-0.942570113172593,-0.25362179305411664
R00479,WP_020333635.1,4,,13248,-8.380887459689383,-2.255084980104786
R00480,WP_014231961.1,2,,23779,21.8484192944087,4.409143043636461
R00480,WP_020333960.1,2,,23779,21.8484192944087,4.409143043636461
R00480,WP_020334525.1,2,,23779,21.8484192944087,4.409143043636461
R00480,WP_020334621.1,4,,23779,21.8484192944087,4.409143043636461
R00480,WP_020335910.1,4,,23779,21.8484192944087,4.409143043636461
R00481,WP_014233002.1,1,,25879,-71.15802814072767,-14.360120086850799
R00485,WP_020334548.1,4,,21019,-34.60104521988424,-9.310266692708861
R00489,WP_020333004.1,1,,19500,-34.0065125871084,-9.15029298863473
R00490,WP_020336214.1,4,,16604,-3.941744528618017,-1.060623821122895
R00490,WP_020333857.1,4,,16604,-3.941744528618017,-1.060623821122895
R00494,WP_024372667.1,1,,28810,-19.04477041892474,-5.1244663441469065
R00494,WP_020333391.1,1,,28810,-19.04477041892474,-5.1244663441469065
R00497,WP_020333997.1,4,,13560,-30.657847229412937,-4.124625890869472
R00508,WP_020335696.1,1,,77642,-29.341807317944806,-7.895138705785506
R00510,WP_014231027.1,1,,30078,-26.548686044385718,-7.143580369999466
R00511,WP_020332984.1,1,,29370,-31.051660623815707,-8.355217012146023
R00511,WP_020333325.1,1,,29370,-31.051660623815707,-8.355217012146023
R00511,WP_020334911.1,1,,29370,-31.051660623815707,-8.355217012146023
R00511,WP_024372917.1,1,,29370,-31.051660623815707,-8.355217012146023
R00511,WP_024372975.1,1,,29370,-31.051660623815707,-8.355217012146023
R00512,WP_014232468.1,1,,11603,1.814752579502283,0.3662280370956404
R00513,WP_014232504.1,4,,24677,-15.70493018484899,-3.1693498162150333
R00515,WP_020333972.1,2,,27765,-62.01176902367811,-16.685799634900075
R00517,WP_014232504.1,4,,28165,-13.03720007556808,-2.6309857590658
R00519,WP_014231816.1,1,A,15988,-14.41279943156178,-2.9085900218539362
R00519,WP_014231815.1,1,A,15988,-14.41279943156178,-2.9085900218539362
R00519,WP_014231814.1,1,A,15988,-14.41279943156178,-2.9085900218539362
R00519,WP_014231816.1,1,B,15988,-14.41279943156178,-2.9085900218539362
R00519,WP_014231815.1,1,B,15988,-14.41279943156178,-2.9085900218539362
R00519,WP_020335329.1,1,B,15988,-14.41279943156178,-2.9085900218539362
R00519,WP_014231816.1,1,C,15988,-14.41279943156178,-2.9085900218539362
R00519,WP_014231815.1,1,C,15988,-14.41279943156178,-2.9085900218539362
R00519,WP_020334981.1,1,C,15988,-14.41279943156178,-2.9085900218539362
R00548,WP_020334058.1,1,,35590,-32.472244275012365,-8.737460166013015
R00549,WP_020335928.1,1,,14360,-14.284346533652752,-2.8826674508148735
R00551,WP_020333152.1,1,,20572,-51.0289993468993,-13.730613915347156
R00552,WP_020334482.1,1,,19600,-54.3501670327536,-14.624256193781592
R00566,WP_024373026.1,4,,17644,-19.118630929591887,-5.14434034066929
R00570,WP_014230937.1,4,,25240,0.2554983978087648,0.05156112065494232
R00571,WP_020333971.1,4,,16600,-6.619014896567933,-0.8905048032284034
R00573,WP_020333971.1,4,,26429,-38.07938871129605,-4.391229003275751
R00575,WP_014230812.1,2,B,18636,-32.15197541176795,-2.883761303343068
R00575,WP_014230813.1,2,A,18636,-32.15197541176795,-2.883761303343068
R00578,WP_020333366.1,2,,12231,-57.1353058014042,-6.58871427396966
R00582,WP_014232862.1,1,,21211,-27.483918147604577,-7.395227690050559
R00585,WP_020334524.1,1,,22855,4.160825607621234,0.8396797514922517
R00586,WP_014233221.1,6,,24563,-6.396159021443339,-1.2907835425241334
R00588,WP_020334524.1,1,,19128,-4.227142313609505,-0.8530628635126211
R00590,WP_014233589.1,1,,40666,-6.115987581408831,-2.4684865056976233
R00590,WP_020335220.1,1,,40666,-6.115987581408831,-2.4684865056976233
R00590,WP_014232352.1,1,,40666,-6.115987581408831,-2.4684865056976233
R00610,WP_020335222.1,1,A,13316,-87.64842721683073,-14.150385817528306
R00610,WP_020335223.1,1,A,13316,-87.64842721683073,-14.150385817528306
R00610,WP_014234561.1,1,A,13316,-87.64842721683073,-14.150385817528306
R00610,WP_014234562.1,1,A,13316,-87.64842721683073,-14.150385817528306
R00615,WP_020336189.1,1,,28001,2.677735202315496,0.7205108605125367
R00615,WP_020333480.1,1,,28001,2.677735202315496,0.7205108605125367
R00617,WP_020333701.1,1,,15916,-49.43432601098027,-9.976145720708969
R00654,WP_020334539.1,1,,23803,-43.10862381176604,-8.699580790681333
R00658,WP_014232985.1,2,,10167,-3.8108419943564513,-1.5381018867680225
R00660,WP_020334485.1,1,,18684,-14.77542692827236,-2.981770442048542
R00662,WP_020333972.1,2,,29398,-58.935137682338876,-15.857955905874402
R00669,WP_014233160.1,2,,15944,-24.25589896407999,-6.52664931917166
R00670,WP_020333507.1,1,,22967,-43.793680167574195,-11.783772404106431
R00671,WP_024372791.1,1,,24371,-39.870154901228176,-10.728050925950885
R00673,WP_020333497.1,4,,19556,-13.72703354116669,-2.7701983210880843
R00674,WP_014232411.1,2,A,26437,-33.55455851102428,-9.028683570350976
R00674,WP_014232411.1,2,B,26437,-33.55455851102428,-9.028683570350976
R00674,WP_020335269.1,2,A,26437,-33.55455851102428,-9.028683570350976
R00674,WP_020335573.1,2,B,26437,-33.55455851102428,-9.028683570350976
R00691,WP_020333562.1,1,,12539,-91.31718136145676,-24.571145371442324
R00691,WP_020335942.1,2,,12539,-91.31718136145676,-24.571145371442324
R00694,WP_014232358.1,2,,25155,-14.561158614794408,-2.938529801565008
R00694,WP_024372863.1,2,,25155,-14.561158614794408,-2.938529801565008
R00703,WP_014233519.1,4,,23447,23.708883675875995,4.784595998605116
R00704,WP_020334627.1,1,,16372,20.630539814882695,4.163367605020914
R00704,WP_020334824.1,1,,16372,20.630539814882695,4.163367605020914
R00705,WP_020336438.1,1,,22995,-25.338793546982743,-3.4090144400945483
R00705,WP_020333504.1,1,,22995,-25.338793546982743,-3.4090144400945483
R00705,WP_020333786.1,1,,22995,-25.338793546982743,-3.4090144400945483
R00705,WP_024372971.1,1,,22995,-25.338793546982743,-3.4090144400945483
R00706,WP_020336438.1,1,,22991,-25.336649451994163,-3.4087259792109053
R00706,WP_020333504.1,1,,22991,-25.336649451994163,-3.4087259792109053
R00706,WP_020333786.1,1,,22991,-25.336649451994163,-3.4087259792109053
R00706,WP_024372971.1,1,,22991,-25.336649451994163,-3.4087259792109053
R00707,WP_020335027.1,2,,16420,-43.46337935308293,-8.771172602707257
R00707,WP_024372956.1,2,,16420,-43.46337935308293,-8.771172602707257
R00708,WP_020335027.1,2,,24885,-43.46123525809435,-8.770739911381792
R00708,WP_024372956.1,2,,24885,-43.46123525809435,-8.770739911381792
R00711,WP_014231945.1,1,,25301,-55.63532598004991,-11.227544987117696
R00711,WP_014231945.1,4,,25301,-55.63532598004991,-11.227544987117696
R00713,WP_020335229.1,4,,13220,-42.42256819021168,-8.561130620416694
R00713,WP_020335349.1,4,,13220,-42.42256819021168,-8.561130620416694
R00713,WP_020336395.1,4,,13220,-42.42256819021168,-8.561130620416694
R00714,WP_020335229.1,4,,13216,-42.4204240952231,-8.56069792909123
R00714,WP_020335349.1,4,,13216,-42.4204240952231,-8.56069792909123
R00714,WP_020336395.1,4,,13216,-42.4204240952231,-8.56069792909123
R00717,WP_020334492.1,1,,18232,41.118441119264844,8.297949896658123
R00720,WP_020333972.1,2,,29402,-36.86732643710408,-9.920065685742408
R00722,WP_014230937.1,4,,30350,1.3052233983859196,0.2634019692608874
R00722,WP_014230937.1,4,,28333,-48.06181420705138,-12.932219392780787
R00734,WP_014232358.1,2,,15096,0.37600128851897807,0.07587933219938077
R00734,WP_024372863.1,2,,15096,0.37600128851897807,0.07587933219938077
R00747,WP_020334366.1,2,,18908,-96.16514571313047,-25.87561004133875
R00749,WP_014233608.1,1,A,15316,-53.05685078795565,-14.276257482165736
R00749,WP_020334398.1,1,A,15316,-53.05685078795565,-14.276257482165736
R00750,WP_020333217.1,1,,22627,-5.394999984431593,-1.4516581317998207
R00751,WP_020334819.1,4,,19628,-7.119280950084175,-1.9156185567340827
R00754,WP_014234621.1,1,,25293,18.062499174643563,3.6451214851478957
R00754,WP_020335086.1,1,,25293,18.062499174643563,3.6451214851478957
R00754,WP_014234621.1,2,,25293,18.062499174643563,3.6451214851478957
R00754,WP_020335086.1,2,,25293,18.062499174643563,3.6451214851478957
R00756,WP_014233238.1,4,,16112,-21.05010908198551,-4.248039218579861
R00758,WP_014230741.1,1,,19664,11.344524567013877,2.2893936125993726
R00760,WP_020333035.1,1,,16128,-14.57516439191238,-2.9413562520243435
R00762,WP_020335825.1,4,,11067,-25.70648172667898,-6.9169644756595305
R00762,WP_024372772.1,2,,11067,-25.70648172667898,-6.9169644756595305
R00765,WP_014233442.1,6,,12175,-10.556272143117923,-2.84042601339573
R00768,WP_020335851.1,2,,13240,-20.001871777523718,-4.036498596040146
R00782,WP_020332971.1,4,,24934,-41.67738965934964,-8.410749089773953
R00782,WP_020335210.1,2,,24934,-41.67738965934964,-8.410749089773953
R00787,WP_014233998.1,1,A,24631,378.72272587621944,38.21426735186069
R00787,WP_014234175.1,2,B,24631,378.72272587621944,38.21426735186069
R00787,WP_020333805.1,2,A,24631,378.72272587621944,38.21426735186069
R00787,WP_020334835.1,1,B,24631,378.72272587621944,38.21426735186069
R00813,WP_020334210.1,1,,11563,-108.29283971085889,-17.483319573932377
R00829,WP_061778630.1,1,,19484,28.623652659335903,5.7764260794223645
R00832,WP_014233191.1,1,,15188,-8.559810768506395,-1.7274215400316386
R00842,WP_020336194.1,2,,11095,22.626718063219414,4.566208438442884
R00844,WP_020336194.1,2,,11099,22.62886215820754,4.566641129768257
R00847,WP_014232826.1,4,,21647,-16.653989821213486,-3.3608757860019436
R00848,WP_020334320.1,1,,31286,7.122087975656086,1.4372803922738329
R00851,WP_020335866.1,2,A,15328,,
R00851,WP_020335866.1,1,A,15328,,
R00851,WP_020334036.1,1,A,15328,,
R00858,WP_020334599.1,4,,13804,109.70007763025069,11.06906929174461
R00858,WP_020334601.1,8,,13804,109.70007763025069,11.06906929174461
R00868,WP_020335204.1,1,,12087,8.16182982394264,1.647106580419333
R00894,WP_020333954.1,1,,13288,-35.18567204720648,-4.733787497457276
R00899,WP_020334476.1,6,,28786,-8.624891921785519,-2.3207404133984735
R00899,WP_020333304.1,6,,28786,-8.624891921785519,-2.3207404133984735
R00899,WP_020333696.1,6,,28786,-8.624891921785519,-2.3207404133984735
R00899,WP_014230936.1,6,,28786,-8.624891921785519,-2.3207404133984735
R00904,WP_020333868.1,1,,30698,-46.562161711748104,-9.39652560863151
R00907,WP_020333505.1,1,,14080,3.7159369375847575,0.7498985294161081
R00908,WP_014234566.1,1,,30702,-3.558653012456432,-0.7181576828582582
R00908,WP_020335347.1,1,,30702,-3.558653012456432,-0.7181576828582582
R00908,WP_020336394.1,1,,30702,-3.558653012456432,-0.7181576828582582
R00908,WP_024373021.1,1,,30702,-3.558653012456432,-0.7181576828582582
R00921,WP_014232520.1,6,,28049,20.65538455650659,4.16838142401742
R00921,WP_020335188.1,6,,28049,20.65538455650659,4.16838142401742
R00922,WP_020336438.1,1,,20807,-38.061818635335385,-5.120736672151808
R00922,WP_020333504.1,1,,20807,-38.061818635335385,-5.120736672151808
R00922,WP_020333786.1,1,,20807,-38.061818635335385,-5.120736672151808
R00922,WP_024372971.1,1,,20807,-38.061818635335385,-5.120736672151808
R00927,WP_061778630.1,1,,30722,31.287948434194504,6.314097067131489
R00928,WP_020334788.1,1,,23523,7.05574088924908,1.423891149301374
R00931,WP_020336340.1,2,,23783,-40.39764102612486,-8.15248808206662
R00936,WP_014230714.1,1,,15009,18.82333255550884,3.7986622591235695
R00943,WP_020334925.1,1,,20224,,
R00944,WP_014231166.1,6,,19836,,
R00944,WP_020335221.1,6,,19836,,
R00945,WP_014234563.1,2,,15484,10.110642594447427,2.0403887741851787
R00945,WP_020333718.1,2,,15484,10.110642594447427,2.0403887741851787
R00945,WP_020334946.1,2,,15484,10.110642594447427,2.0403887741851787
R00946,WP_020334526.1,1,,11175,0.14916827933393506,0.03010306019368438
R00948,WP_014231328.1,4,,12123,-17.77995654687367,-3.588102675458483
R00948,WP_020334926.1,4,,12123,-17.77995654687367,-3.588102675458483
R00955,WP_201765964.1,2,,13992,8.474804516188044,1.7102667646209075
R00955,WP_020335215.1,2,,13992,8.474804516188044,1.7102667646209075
R00963,WP_020332984.1,1,,29362,-25.351188915220433,-6.821364160476552
R00963,WP_020333325.1,1,,29362,-25.351188915220433,-6.821364160476552
R00963,WP_020334911.1,1,,29362,-25.351188915220433,-6.821364160476552
R00963,WP_024372917.1,1,,29362,-25.351188915220433,-6.821364160476552
R00963,WP_024372975.1,1,,29362,-25.351188915220433,-6.821364160476552
R00964,WP_014232504.1,4,,16828,-21.40540189344449,-4.319739454967182
R00965,WP_020335616.1,2,,11599,-39.81300571313707,-10.712673523938355
R00966,WP_014232731.1,2,,13020,21.229363042828425,4.284213751109869
R00968,WP_014232504.1,4,,27653,-18.737671784163524,-3.7813753978179374
R00974,WP_020334355.1,6,,20608,-46.16523091731813,-12.42189676754968
R00994,WP_020335844.1,2,,32718,-19.848066721818128,-3.204367845083693
R00996,WP_020333560.1,4,,22111,-41.17958881126535,-11.080386493892536
R00999,WP_020334622.1,4,,20397,-64.51336396019383,-13.01918670150522
R01000,WP_014233519.1,4,,36374,15.61935796471721,3.152080825079408
R01051,WP_020334736.1,2,,13700,-26.98699976510784,-5.446139635071679
R01054,WP_014230772.1,2,,10415,-45.32533216308812,-12.195901242065913
R01054,WP_020335697.1,2,,10415,-45.32533216308812,-12.195901242065913
R01054,WP_020334820.1,2,,10415,-45.32533216308812,-12.195901242065913
R01057,WP_020334023.1,1,,18796,-11.473819726465877,-4.630972314215189
R01061,WP_014232584.1,4,,10303,18.27730129582065,2.9507758810007325
R01061,WP_020334051.1,4,,10303,18.27730129582065,2.9507758810007325
R01061,WP_020334141.1,4,,10303,18.27730129582065,2.9507758810007325
R01066,WP_014232867.1,1,,12824,-15.53313629351598,-4.179574361057779
R01068,WP_014233018.1,2,,14732,4.933086995375874,1.3273690217568774
R01070,WP_014233018.1,2,,14732,4.933086995375874,1.3273690217568774
R01071,WP_014231486.1,2,,18476,52.02627285359216,10.49921625668602
R01072,WP_014232604.1,4,,14908,81.22836253673572,13.113899538406736
R01073,WP_020335571.1,2,,11771,62.813288927315114,12.67610128631477
R01074,WP_020334018.1,1,,31118,1166.2229463816432,235.3508380665212
R01082,WP_020336219.1,4,,12463,3.4246457741631957,1.3822284247295533
R01082,WP_014232348.1,2,,12463,3.4246457741631957,1.3822284247295533
R04559,WP_014231477.1,4,,23923,6.763580433072974,1.8199085382920508
R01083,WP_014231477.1,4,,16856,-0.8957274954223351,-0.24101762861145137
R01086,WP_014233156.1,1,,24023,-26.744680526322696,-7.196317531132503
R01090,WP_014234314.1,6,,18324,0.32317899510735515,0.06521947418373092
R01092,WP_020335214.1,1,,13556,-16.27661888564478,-3.284720050751149
R01103,WP_020332962.1,1,,70278,-14.88286188164787,-4.0046019531590344
R01123,WP_020334385.1,8,,23287,-4.844563810027296,-1.9553245051371935
R01126,WP_020332984.1,1,,27721,-22.526476902683264,-6.0613055553189765
R01126,WP_020333325.1,1,,27721,-22.526476902683264,-6.0613055553189765
R01126,WP_020334911.1,1,,27721,-22.526476902683264,-6.0613055553189765
R01126,WP_024372917.1,1,,27721,-22.526476902683264,-6.0613055553189765
R01126,WP_024372975.1,1,,27721,-22.526476902683264,-6.0613055553189765
R01127,WP_020334699.1,1,,18448,19.58927111918979,7.9064665796841425
R01130,WP_020333650.1,4,,11711,16.478036941117125,3.3253674315150263
R01131,WP_014231481.1,1,,21143,-24.230113905981682,-4.889783408835369
R01131,WP_014234279.1,1,,21143,-24.230113905981682,-4.889783408835369
R01132,WP_014232942.1,4,,17976,30.57142584089121,6.169498477855967
R01134,WP_014233825.1,4,,17188,-241.39940049914466,-38.97268623808225
R01135,WP_014233201.1,2,,15756,-0.5731927280928346,-0.0771158375556653
R01135,WP_020334438.1,2,,15756,-0.5731927280928346,-0.0771158375556653
R01137,WP_014230937.1,4,,27677,2.3866067209509083,0.4816316585552562
R01138,WP_014230734.1,4,,30730,22.64071323466601,4.569032748613646
R01138,WP_020335623.1,4,,30730,22.64071323466601,4.569032748613646
R01150,WP_020334883.1,1,,11227,-27.961622142229885,-3.761882880279425
R01152,WP_014232021.1,1,,22287,-81.78453825127332,-16.504614043172637
R01154,WP_014234687.1,12,,25184,-26.233921707882132,-5.294163932271902
R01157,WP_014233532.1,1,,13932,-75.70404858488158,-20.37004597878429
R01163,WP_020332948.1,2,,33806,-36.38364716325964,-7.342439863970547
R01168,WP_020334089.1,1,,21235,-9.981514871475056,-2.6857733591604864
R01177,WP_061778630.1,1,,31114,30.430436146604734,6.14104590554806
R01201,WP_014231796.1,1,,17420,-12.094094826765286,-2.4406614206712125
R01209,WP_020333559.1,2,,20939,-36.93065911603594,-14.905660363269423
R01213,WP_014230726.1,2,,21527,-26.483168367753365,-5.3444634144317895
R01213,WP_020333887.1,2,,21527,-26.483168367753365,-5.3444634144317895
R01214,WP_014234314.1,6,,24816,1.7246845599528342,0.3480517664694082
R01215,WP_014231230.1,2,,22915,1.5674006348244234,0.3163109199115411
R01215,WP_020333580.1,2,,22915,1.5674006348244234,0.3163109199115411
R01220,WP_014231181.1,2,,22815,6.539300640623651,1.319670386279702
R01221,WP_014232944.1,2,,27761,1.4703567712518577,0.16955821817509137
R01221,WP_020334943.1,1,,27761,1.4703567712518577,0.16955821817509137
R01221,WP_020334947.1,1,,27761,1.4703567712518577,0.16955821817509137
R01221,WP_020336079.1,2,,27761,1.4703567712518577,0.16955821817509137
R01224,WP_014233163.1,4,,19820,40.47395264045963,8.167888226990557
R01226,WP_020333937.1,10,,11827,9.678488027443677,1.9531773710532396
R01227,WP_020332984.1,1,,27717,-24.776356585331875,-6.666691309964565
R01227,WP_020333325.1,1,,27717,-24.776356585331875,-6.666691309964565
R01227,WP_020334911.1,1,,27717,-24.776356585331875,-6.666691309964565
R01227,WP_024372917.1,1,,27717,-24.776356585331875,-6.666691309964565
R01227,WP_024372975.1,1,,27717,-24.776356585331875,-6.666691309964565
R01228,WP_014231481.1,1,,27713,-21.9802342233329,-4.4357440928511425
R01228,WP_014234279.1,1,,27713,-21.9802342233329,-4.4357440928511425
R01229,WP_020334560.1,2,,25427,32.18248011036411,6.49461896503854
R01230,WP_014230949.1,2,,18304,-318.1555587418096,-42.80380957902111
R01231,WP_014230949.1,2,,11683,-349.6159325565392,-40.31691881109824
R01244,WP_020334120.1,1,,23691,-37.850139599837135,-10.184515866249988
R01253,WP_020335027.1,2,,23787,,
R01253,WP_024372956.1,2,,23787,,
R01257,WP_020333856.1,1,,46012,,
R01257,WP_020333178.1,1,,46012,,
R01268,WP_020334401.1,1,,14548,-20.981094199768933,-5.645482131055384
R01279,WP_020335125.1,1,,30750,43.44653966198575,8.76777425128157
R01280,WP_024373071.1,1,A,30754,-13.525631023943788,-1.8197027173578948
R01280,WP_020335574.1,1,A,30754,-13.525631023943788,-1.8197027173578948
R01280,WP_020336111.1,2,A,30754,-13.525631023943788,-1.8197027173578948
R01280,WP_020335848.1,1,A,30754,-13.525631023943788,-1.8197027173578948
R01280,WP_020333762.1,1,A,30754,-13.525631023943788,-1.8197027173578948
R01286,WP_020332971.1,4,,13968,-33.69618450016915,-6.800093658218694
R01286,WP_020335210.1,2,,13968,-33.69618450016915,-6.800093658218694
R01287,WP_020333661.1,1,,27825,-64.50082511470998,-13.016656286714321
R01288,WP_020334622.1,4,,27829,-56.532158801013225,-11.408531269949938
R01291,WP_014232962.1,2,,17756,-32.71733121102406,-8.803406865676772
R01302,WP_020334038.1,1,,16508,-130.0579895073291,-34.99531763089369
R01325,WP_020333930.1,1,,10231,8.469446418863953,3.4183709364038344
R01334,WP_020336179.1,1,,14372,-48.47434024701144,-13.043219723126533
R01353,WP_014232519.1,2,,23151,33.02907306141964,6.665466538523794
R01353,WP_020336024.1,2,,23151,33.02907306141964,6.665466538523794
R01354,WP_020336337.1,1,,20373,-1.1456978929813886,-0.15413917217161782
R01354,WP_020336224.1,1,,20373,-1.1456978929813886,-0.15413917217161782
R01354,WP_020334974.1,1,,20373,-1.1456978929813886,-0.15413917217161782
R01357,WP_020335274.1,1,,16120,-2.098362886836412,-0.28230820731540346
R01360,WP_020333780.1,1,,24407,-38.365183364010505,-10.323101124943708
R01360,WP_020336020.1,1,,24407,-38.365183364010505,-10.323101124943708
R01364,WP_020333141.1,1,,10247,-93.33637355283437,-25.11445895304354
R01372,WP_020333139.1,1,,31110,-491.9929220270199,-99.28714477888819
R01373,WP_020333562.1,1,,21651,-96.32674765109314,-25.91909303819419
R01373,WP_020335942.1,2,,21651,-96.32674765109314,-25.91909303819419
R01388,WP_020334492.1,1,,17908,28.18087003233677,5.687069869557977
R01395,WP_014230813.1,1,,30758,16.82874852082125,3.3961431476498283
R01395,WP_014230812.1,1,,30758,16.82874852082125,3.3961431476498283
R01395,WP_020336084.1,1,,30758,16.82874852082125,3.3961431476498283
R01397,WP_014233064.1,6,A,20016,-22.468439909641027,-4.534266950575688
R01397,WP_020334484.1,6,A,20016,-22.468439909641027,-4.534266950575688
R01398,WP_020334483.1,3,,19516,-30.305986683613547,-6.115931251868179
R01401,WP_014230819.1,2,,13620,-31.26032243857074,-8.411362632360916
R01411,WP_020334355.1,6,,30762,-39.6318393472981,-10.663926234051852
R01416,WP_014232020.1,1,,18040,-51.707400074154464,-13.913154403795856
R01465,WP_014234946.1,4,,13164,22.129457644355625,4.4658582809708465
R01466,WP_020335912.1,1,,10843,-46.487300743648284,-12.508557617178724
R01512,WP_014233019.1,1,,14804,19.549800047385702,3.9452677890282706
R01513,WP_014233013.1,4,,12644,30.842812574235055,6.22426596063512
R01518,WP_014233217.1,1,,15904,-4.474954330214274,-1.8061456519835717
R01526,WP_020334999.1,1,,17604,-27.526078971274387,-5.554929076532398
R01528,WP_014231949.1,2,,10119,-6.800527783198191,-1.0979100817977516
R01528,WP_020336051.1,2,,10119,-6.800527783198191,-1.0979100817977516
R01529,WP_014233143.1,1,,13680,-3.3881578544159083,-1.3675014593264598
R01541,WP_020335091.1,1,,14800,-22.63911244373014,-4.568709699329206
R01547,WP_014231127.1,1,,23103,3.278936094726987,0.6617091185307769
R01560,WP_020336291.1,1,,24411,-37.40101597981206,-10.06366805214912
R01562,WP_020335810.1,1,,27901,-35.07323551577212,-9.437321166251149
R01567,WP_014231499.1,4,,19132,-20.600512760895867,-4.157307964072848
R01569,WP_020332984.1,1,,11083,-26.156078047768716,-7.037939481668906
R01569,WP_020333325.1,1,,11083,-26.156078047768716,-7.037939481668906
R01569,WP_020334911.1,1,,11083,-26.156078047768716,-7.037939481668906
R01569,WP_024372917.1,1,,11083,-26.156078047768716,-7.037939481668906
R01569,WP_024372975.1,1,,11083,-26.156078047768716,-7.037939481668906
R01570,WP_014233458.1,1,,16040,7.440972088385877,1.5016331332397919
R01577,WP_020336030.1,6,,13852,5.31079664732556,2.1435017131619962
R01639,WP_020335203.1,2,,10967,-24.789477984369,-5.0026664600917465
R01648,WP_014234566.1,1,,23355,6.510865899433156,1.313932083676284
R01648,WP_020335347.1,1,,23355,6.510865899433156,1.313932083676284
R01648,WP_020336394.1,1,,23355,6.510865899433156,1.313932083676284
R01648,WP_024373021.1,1,,23355,6.510865899433156,1.313932083676284
R01655,WP_014231181.1,2,,23703,,
R01658,WP_014231017.1,1,,22411,-79.85368714581375,-16.11495662195528
R01663,WP_014233800.1,1,,22927,-40.85908458077685,-10.994146906532483
R01664,WP_020332984.1,1,,29366,-33.503678074256214,-9.014992930870525
R01664,WP_020333325.1,1,,29366,-33.503678074256214,-9.014992930870525
R01664,WP_020334911.1,1,,29366,-33.503678074256214,-9.014992930870525
R01664,WP_024372917.1,1,,29366,-33.503678074256214,-9.014992930870525
R01664,WP_024372975.1,1,,29366,-33.503678074256214,-9.014992930870525
R01665,WP_014232468.1,1,,25097,1.5285486244640651,0.30847034943807417
R01676,WP_020333741.1,1,,14668,253.22578581213233,68.1366584274997
R01676,WP_020336095.1,1,,14668,253.22578581213233,68.1366584274997
R01678,WP_024372634.1,1,,28659,-28.39829979948732,-7.641264680663079
R01682,WP_020333004.1,1,,25224,-33.60356733162004,-9.041870605226427
R01698,WP_014232944.1,2,,33062,1.579561850922346,0.31876512681034574
R01698,WP_020336079.1,2,,33062,1.579561850922346,0.31876512681034574
R01710,WP_014235106.1,2,,30778,-112.58173091124844,-18.175738903543124
R01711,WP_014235106.1,2,,15036,-106.8031143137193,-21.553513879860287
R01714,WP_014232622.1,4,,21023,-62.6753856476601,-16.86436209484093
R01715,WP_014230880.1,1,,13900,-48.66944600768505,-19.643576627746377
R01715,WP_020335942.1,2,,13900,-48.66944600768505,-19.643576627746377
R01716,WP_020335521.1,1,A,11675,-18.06151096497183,-3.644922058464388
R01716,WP_014233193.1,1,A,11675,-18.06151096497183,-3.644922058464388
R01717,WP_024372724.1,2,,18988,0.9684274705763869,0.3908690315414317
R01717,WP_020336117.1,1,,18988,0.9684274705763869,0.3908690315414317
R01724,WP_024373014.1,1,,36166,-54.160156810356085,-6.245626819556781
R01728,WP_014230880.1,1,,13872,-27.899366821683913,-4.504208656419185
R01731,WP_014232358.1,2,,20448,-12.38728922983671,-2.499829822985166
R01731,WP_024372863.1,2,,20448,-12.38728922983671,-2.499829822985166
R01736,WP_020335130.1,1,,25248,-51.097137620449644,-13.748948202496663
R01737,WP_014230460.1,1,,19436,-12.496936260465986,-2.5219572563632955
R01737,WP_020333829.1,1,,19436,-12.496936260465986,-2.5219572563632955
R01741,WP_020333147.1,1,,30782,-0.8972890613915752,-0.18107835490772628
R01741,WP_020333146.1,1,,30782,-0.8972890613915752,-0.18107835490772628
R01752,WP_020333868.1,1,,30786,-57.17192440721419,-11.53763983538564
R01761,WP_020335001.1,6,,14824,3.600826208021772,1.4533369771520335
R01768,WP_020334083.1,1,A,24673,13.435295487471905,2.7113238188790576
R01768,WP_020334084.1,1,A,24673,13.435295487471905,2.7113238188790576
R01768,WP_020334085.1,1,A,24673,13.435295487471905,2.7113238188790576
R01771,WP_020335911.1,1,,13988,-39.408859791519944,-7.952946053717127
R01773,WP_020334621.1,4,,15760,19.43711658786856,3.922527585951426
R01773,WP_020335910.1,4,,15760,19.43711658786856,3.922527585951426
R01775,WP_020334621.1,4,,15764,19.43926068285714,3.92296027727689
R01775,WP_020335910.1,4,,15764,19.43926068285714,3.92296027727689
R01777,WP_014232008.1,2,,22011,-29.936608020605377,-6.041388405517414
R01795,WP_020335273.1,1,,30790,13.921012246980808,2.247475516907946
R01799,WP_024373059.1,1,,16232,,
R01800,WP_020334021.1,1,,16916,,
R01801,WP_014232394.1,1,,12596,,
R01801,WP_020332978.1,1,,12596,,
R01818,WP_020335303.1,1,,11143,-9.235554597312728,-3.727581456411097
R01825,WP_014233020.1,4,,12059,-52.04608881255058,-10.503215236951693
R01826,WP_014233807.1,4,,14720,-74.3520095984635,-15.004684846255783
R01826,WP_020333311.1,4,,14720,-74.3520095984635,-15.004684846255783
R01826,WP_020335936.1,4,,14720,-74.3520095984635,-15.004684846255783
R01827,WP_014233810.1,1,,17056,3.4184060459862735,0.6898549975119886
R01827,WP_014233810.1,1,,17056,3.4184060459862735,0.6898549975119886
R01855,WP_014233038.1,2,,28365,-66.83272381244754,-17.982996714112627
R01856,WP_020336148.1,4,,15196,-73.54901187850314,-19.790180071802094
R01857,WP_014230937.1,4,,27693,1.7688697442646344,0.3569686036746529
R01858,WP_014230734.1,4,,30794,23.25845021135217,4.693695803494226
R01858,WP_020335623.1,4,,30794,23.25845021135217,4.693695803494226
R01863,WP_014232864.1,6,,27649,7.689387036265813,1.5517647708938
R01863,WP_014233458.1,1,,27649,7.689387036265813,1.5517647708938
R01863,WP_014234920.1,6,,27649,7.689387036265813,1.5517647708938
R01868,WP_014231887.1,1,,30190,,
R01870,WP_014230580.1,2,,10383,-3.723203435422022,-0.7513649525911235
R01876,WP_014233458.1,1,,24391,1.172036250740348,0.23652399801591323
R01877,WP_020335810.1,1,,27893,-30.61700392967296,-8.238261882134095
R01878,WP_020333043.1,2,,16072,-31.36047286216248,-8.438310579947512
R01899,WP_014231318.1,2,,25591,,
R01900,WP_020333930.1,1,,22147,-0.8211704982827541,-0.33143433777559056
R01909,WP_020333481.1,2,,25111,-10.124587195596519,-2.043202878964307
R01909,WP_020335174.1,2,,25111,-10.124587195596519,-2.043202878964307
R01931,WP_014233309.1,1,,16884,,
R01931,WP_020334180.1,1,,16884,,
R01954,WP_014233157.1,4,,10935,16.87712582389861,2.270603986503294
R01961,WP_020333920.1,1,,10951,-11.29235543566108,-2.278865566634253
R01968,WP_020332984.1,1,,29382,-31.299361772646414,-8.421867130402536
R01968,WP_020333325.1,1,,29382,-31.299361772646414,-8.421867130402536
R01968,WP_020334911.1,1,,29382,-31.299361772646414,-8.421867130402536
R01968,WP_024372917.1,1,,29382,-31.299361772646414,-8.421867130402536
R01968,WP_024372975.1,1,,29382,-31.299361772646414,-8.421867130402536
R01969,WP_014232864.1,6,,27741,17.70231477752685,3.5724340972149866
R01969,WP_014234920.1,6,,27741,17.70231477752685,3.5724340972149866
R01975,WP_020334579.1,2,A,30802,13.838066842477701,2.7926055122670235
R01975,WP_014230439.1,2,A,30802,13.838066842477701,2.7926055122670235
R01986,WP_020333868.1,1,,30806,-53.24073468906454,-10.744301994078718
R01993,WP_014234745.1,2,,24299,-7.288873537091774,-2.9418774529138174
R02003,WP_014231017.1,1,,19364,-81.24714648855024,-16.396165137996032
R02017,WP_020335551.1,2,A,28037,,
R02017,WP_020335552.1,2,A,28037,,
R02018,WP_020335551.1,2,A,28029,,
R02018,WP_020335552.1,2,A,28029,,
R02019,WP_020335551.1,2,A,28033,,
R02019,WP_020335552.1,2,A,28033,,
R02021,WP_020334598.1,2,,11727,,
R02024,WP_020335551.1,2,A,28041,,
R02024,WP_020335552.1,2,A,28041,,
R02025,WP_014231894.1,1,,19993,,
R02029,WP_020333702.1,1,A,33754,,
R02029,WP_020333702.1,1,A,33754,,
R02035,WP_014231950.1,1,,12559,-25.37872803793556,-10.243161363480558
R02036,WP_020336247.1,1,,17280,-42.84420216774356,-17.29243781003455
R02055,WP_020336190.1,1,,20831,,
R02059,WP_014231134.1,4,,22939,-25.841015133428158,-6.953164014949565
R02060,WP_020333907.1,1,,23427,-3.137003350043642,-1.2661324659078528
R02082,WP_020334845.1,1,,15992,14.071991982860624,1.6227502966892622
R02085,WP_020333782.1,1,,21539,0.3991623370282582,0.1611067435015965
R02085,WP_020336019.1,1,,21539,0.3991623370282582,0.1611067435015965
R02088,WP_020332984.1,1,,29374,-33.265045522924304,-8.950782942983082
R02088,WP_020333325.1,1,,29374,-33.265045522924304,-8.950782942983082
R02088,WP_020334911.1,1,,29374,-33.265045522924304,-8.950782942983082
R02088,WP_024372917.1,1,,29374,-33.265045522924304,-8.950782942983082
R02088,WP_024372975.1,1,,29374,-33.265045522924304,-8.950782942983082
R02090,WP_014230561.1,4,,12700,5.122336021816295,1.0337183634854359
R02093,WP_014230937.1,4,,27685,0.10916571417862997,0.022030300809793162
R02094,WP_024372811.1,2,,13520,-1.659525171797327,-0.33490220818136374
R02098,WP_024372811.1,2,,30658,0.8832912134288335,0.1782535045998325
R02099,WP_014231499.1,4,,28209,-16.515970846487562,-3.3330227228534173
R02100,WP_014233038.1,2,,10251,-59.273002424557404,-15.94886676813674
R02101,WP_020335923.1,2,,12107,-45.276592267676165,-9.137089926120053
R02102,WP_020332984.1,1,,29358,-30.240619962177213,-8.136986469961531
R02102,WP_020333325.1,1,,29358,-30.240619962177213,-8.136986469961531
R02102,WP_020334911.1,1,,29358,-30.240619962177213,-8.136986469961531
R02102,WP_024372917.1,1,,29358,-30.240619962177213,-8.136986469961531
R02102,WP_024372975.1,1,,29358,-30.240619962177213,-8.136986469961531
R02103,WP_020334083.1,1,A,16672,-25.883413870668875,-5.223429332602973
R02103,WP_020334084.1,1,A,16672,-25.883413870668875,-5.223429332602973
R02103,WP_020334085.1,1,A,16672,-25.883413870668875,-5.223429332602973
R02133,WP_014233504.1,1,,17512,34.21804500201296,9.207211014792575
R02135,WP_020334555.1,1,,47951,-90.82309377087259,-24.43819888937325
R02142,WP_014232942.1,4,,10803,27.528684387245647,5.55545486521993
R02142,WP_014231003.1,4,,10803,27.528684387245647,5.55545486521993
R02147,WP_014232864.1,6,,13236,11.550320988387512,2.330924574060601
R02147,WP_014233458.1,6,,13236,11.550320988387512,2.330924574060601
R02147,WP_014234920.1,6,,13236,11.550320988387512,2.330924574060601
R02148,WP_020335810.1,1,,27865,-30.610409530111944,-8.23648749589226
R02164,WP_014231146.1,1,A,40526,,
R02164,WP_014231147.1,1,A,40526,,
R02164,WP_014231148.1,1,A,40526,,
R02164,WP_014231149.1,1,A,40526,,
R02164,WP_014233228.1,1,B,40526,,
R02164,WP_014233229.1,1,B,40526,,
R02164,WP_020336198.1,1,B,40526,,
R02164,WP_020336199.1,1,B,40526,,
R02167,WP_024373006.1,1,,19540,-28.99873167368127,-7.802825721493608
R02167,WP_020335201.1,1,,19540,-28.99873167368127,-7.802825721493608
R02199,WP_014234314.1,6,,24804,-5.927241421868416,-1.1961531372602807
R02236,WP_014230714.1,1,,31106,10.1771003202075,2.0538003448476805
R02237,WP_020334565.1,1,,23587,-20.32573609617623,-2.7345709151044666
R02240,WP_014230592.1,1,,10275,,
R02240,WP_014233744.1,1,,10275,,
R02241,WP_014233066.1,1,,19712,,
R02262,WP_020336028.1,4,,12936,2.6427932405293006,0.71110886178884
R02272,WP_014232904.1,2,,14268,-9.314422115754155,-3.75941334004708
R02283,WP_014233192.1,2,,18052,-3.2232906486290744,-0.6504795312427186
R02285,WP_020333029.1,1,,22495,-48.12624940712459,-12.94955727645648
R02288,WP_014231607.1,1,,23663,-15.37068893815831,-6.203795825625175
R02291,WP_014232557.1,2,,24287,-7.091378030767913,-1.144866351852132
R02291,WP_020334567.1,2,,24287,-7.091378030767913,-1.144866351852132
R02296,WP_014233458.1,1,,52543,15.976794305895865,3.224213638717512
R02297,WP_014232864.1,6,,27641,10.692006928442908,2.157711609970855
R02297,WP_014233458.1,1,,27641,10.692006928442908,2.157711609970855
R02297,WP_014234920.1,6,,27641,10.692006928442908,2.157711609970855
R02300,WP_020334943.1,1,,34770,44.61865812747487,18.008629681461223
R02301,WP_020333987.1,1,,10491,-91.37524893613991,-14.752061932844184
R02322,WP_020333963.1,1,,12403,-14.812416884148007,-3.985646984899462
R02323,WP_020332984.1,1,,30818,-11.557788167268875,-3.1099086611773745
R02323,WP_020333325.1,1,,30818,-11.557788167268875,-3.1099086611773745
R02323,WP_020334911.1,1,,30818,-11.557788167268875,-3.1099086611773745
R02323,WP_024372917.1,1,,30818,-11.557788167268875,-3.1099086611773745
R02323,WP_024372975.1,1,,30818,-11.557788167268875,-3.1099086611773745
R02326,WP_014230937.1,4,,27681,4.0610414585363515,0.8195427072111863
R02328,WP_020335762.1,1,,15228,-7.533500253117609,-1.520305876030469
R02331,WP_014230937.1,4,,28585,-1.5518068352388354,-0.3131639969218193
R02340,WP_014232411.1,2,A,14084,2.0646981253956653,0.5555580782375568
R02340,WP_014232411.1,2,B,14084,2.0646981253956653,0.5555580782375568
R02340,WP_020335269.1,2,A,14084,2.0646981253956653,0.5555580782375568
R02340,WP_020335573.1,2,B,14084,2.0646981253956653,0.5555580782375568
R02370,WP_020335810.1,1,,27897,-39.4775934434001,-10.622422560032115
R02408,WP_020332971.1,4,,24930,1.1264293470574955,0.22732024925013833
R02408,WP_020335210.1,2,,24930,1.1264293470574955,0.22732024925013833
R02412,WP_014233147.1,1,,13124,-26.21567300786694,-5.290481234331919
R02413,WP_020333538.1,2,,17740,6.5300719888095955,1.3178079885748712
R02413,WP_020334240.1,2,,17740,6.5300719888095955,1.3178079885748712
R02423,WP_020333208.1,1,,27488,-21.485476648468648,-4.3358990244229005
R02437,WP_020333670.1,1,,23163,0.13329422607398556,0.053799160637806216
R02439,WP_020334999.1,1,,22075,-13.725175080701433,-2.7698232725355165
R02466,WP_020333004.1,1,,16880,-33.77512062764785,-9.08803126100668
R02472,WP_020334303.1,1,,16236,15.961268504809595,3.2210804382358678
R02472,WP_020336380.1,1,,16236,15.961268504809595,3.2210804382358678
R02473,WP_020333938.1,2,,10915,-44.01701329218736,-5.921932851486071
R02484,WP_014232864.1,6,,22827,4.813982916489579,0.971490843452308
R02484,WP_014234920.1,6,,22827,4.813982916489579,0.971490843452308
R02485,WP_020333043.1,2,,13436,-37.596026468698,-10.11614044562353
R02493,WP_020333481.1,2,,25107,-15.950801292893516,-3.2189680916178283
R02493,WP_020335174.1,2,,25107,-15.950801292893516,-3.2189680916178283
R02508,WP_020334622.1,4,,20397,-64.51336396019383,-13.01918670150522
R02519,WP_020333140.1,1,,15452,-246.77808544548313,-66.40174523089824
R02521,WP_020333139.1,1,,16192,-549.4319714150128,-110.87869204963154
R02530,WP_014232544.1,2,,19072,6.34967752909958,1.7085377286419294
R02530,WP_014232038.1,2,,19072,6.34967752909958,1.7085377286419294
R02539,WP_020333764.1,1,,20959,-13.99848958897769,-1.883319861297051
R02539,WP_020334282.1,1,,20959,-13.99848958897769,-1.883319861297051
R02540,WP_020333205.1,1,,64823,-30.09521663214116,-8.09786210906316
R02549,WP_020333868.1,1,,19108,-53.24287878405312,-10.744734685404183
R02556,WP_020336291.1,1,,28193,-36.19591009447143,-9.73940451865833
R02557,WP_014232864.1,6,,27745,10.960856486568389,2.211967075458789
R02557,WP_014234920.1,6,,27745,10.960856486568389,2.211967075458789
R02565,WP_020333793.1,4,,15308,-42.435837968311944,-8.563808541826614
R02566,WP_020333793.1,4,,30070,-42.433693873323364,-8.56337585050115
R02600,WP_020335010.1,1,,29594,17.62287740996271,3.556403156400433
R02601,WP_014231727.1,1,,22583,-0.43190590209223956,-0.17432244210022763
R02603,WP_020333213.1,2,,24792,-72.70550217028307,-19.563212929870065
R02603,WP_020333213.1,2,,34190,-72.70550217028307,-19.563212929870065
R02619,WP_020334859.1,1,,70298,,
R02649,WP_014233158.1,2,,14632,24.665909535786454,4.977729600443501
R02678,WP_020333868.1,1,,30870,-44.05960183584607,-8.891493902702058
R02719,WP_020332984.1,1,,28533,-28.571838248505735,-7.687959490936383
R02719,WP_020333325.1,1,,28533,-28.571838248505735,-7.687959490936383
R02719,WP_020334911.1,1,,28533,-28.571838248505735,-7.687959490936383
R02719,WP_024372917.1,1,,28533,-28.571838248505735,-7.687959490936383
R02719,WP_024372975.1,1,,28533,-28.571838248505735,-7.687959490936383
R02720,WP_014233038.1,2,,28613,-70.42592474298922,-18.94983626278059
R02722,WP_014232411.1,2,A,10535,-31.48986038562893,-6.3548441190851275
R02722,WP_014232411.1,2,B,10535,-31.48986038562893,-6.3548441190851275
R02722,WP_020335269.1,2,A,10535,-31.48986038562893,-6.3548441190851275
R02722,WP_020335573.1,2,B,10535,-31.48986038562893,-6.3548441190851275
R02734,WP_020333618.1,2,,22611,-9.09320445178642,-2.4467514781549795
R02735,WP_020334060.1,2,,15396,-1.6533807475360618,-0.6673244524693541
R02736,WP_014231951.1,1,,15841,-6.822034681511923,-1.3767278242931136
R02736,WP_020336052.1,1,,15841,-6.822034681511923,-1.3767278242931136
R02739,WP_020334604.1,2,,16252,-1.312041908641902,-0.529555971669621
R02740,WP_020334604.1,2,,11816,-1.1506968221270881,-0.46443514473512787
R02748,WP_014232864.1,6,,27753,9.306626981202669,1.8781335647650423
R02748,WP_014234920.1,6,,27753,9.306626981202669,1.8781335647650423
R02749,WP_020334468.1,1,,27661,-9.206415404477866,-3.7158205260065906
R02750,WP_020334736.1,2,,30874,-14.555481663886553,-2.9373841585659815
R02777,WP_020335758.1,1,,21799,-4.135063934941172,-0.8344808902675954
R02783,WP_020335888.1,1,,16432,-32.942725195956655,-4.432027344982071
R02788,WP_020335885.1,1,,23679,-24.393653657315554,-3.281857812616975
R02851,WP_020335357.1,1,,15869,0.7557012884927587,0.15250508672165858
R02864,WP_020333312.1,1,,24363,,
R02864,WP_020335811.1,1,,24363,,
R02914,WP_020334090.1,1,,13104,10.083531633698584,4.069835236948986
R02922,WP_020334355.1,6,,12684,-2.813275251042313,-0.7569812617148747
R02924,WP_020335357.1,1,,15869,0.7557012884927587,0.15250508672165858
R02940,WP_020333868.1,1,,30882,-44.054535992147294,-8.890471584830745
R02964,WP_014232727.1,4,,46160,,
R02964,WP_020334808.1,4,,46160,,
R02971,WP_020334016.1,1,,22475,-22.030374542092204,-4.445862712174779
R03005,WP_014234741.1,1,,22863,-24.977925763892124,-5.040696360789677
R03012,WP_020332948.1,2,,33802,19.173228576556767,3.8692733905931282
R03013,WP_014231489.1,1,,14468,-37.40813618979586,-10.065583920685347
R03026,WP_020334274.1,1,,26561,3.274170932961681,1.3214949601813193
R03035,WP_020335722.1,6,,19804,-18.03561578422523,-3.6396962545051146
R03045,WP_020334274.1,1,,26521,-2.2971612346436814,-0.927162037798547
R03050,WP_014230733.1,2,A,24808,0.6176848457781432,0.12465253454831536
R03050,WP_014230733.1,2,A,24808,0.6176848457781432,0.12465253454831536
R03050,WP_014230733.1,2,A,24808,0.6176848457781432,0.12465253454831536
R03050,WP_014230733.1,2,A,24808,0.6176848457781432,0.12465253454831536
R03050,WP_020333557.1,2,A,24808,0.6176848457781432,0.12465253454831536
R03050,WP_020333557.1,2,A,24808,0.6176848457781432,0.12465253454831536
R03050,WP_020333557.1,2,A,24808,0.6176848457781432,0.12465253454831536
R03050,WP_020333557.1,2,A,24808,0.6176848457781432,0.12465253454831536
R03050,WP_020335849.1,2,A,24808,0.6176848457781432,0.12465253454831536
R03050,WP_020335849.1,2,A,24808,0.6176848457781432,0.12465253454831536
R03050,WP_020335849.1,2,A,24808,0.6176848457781432,0.12465253454831536
R03050,WP_020335849.1,2,A,24808,0.6176848457781432,0.12465253454831536
R03050,WP_020335849.1,2,A,24808,0.6176848457781432,0.12465253454831536
R03050,WP_020335849.1,2,A,24808,0.6176848457781432,0.12465253454831536
R03050,WP_020335849.1,2,A,24808,0.6176848457781432,0.12465253454831536
R03050,WP_020335849.1,2,A,24808,0.6176848457781432,0.12465253454831536
R03051,WP_020336240.1,4,,22071,15.621488413442364,3.1525107625064486
R03066,WP_020333908.1,2,,30890,-9.616189835821984,-2.587473626021244
R03067,WP_020333908.1,2,,19952,-62.41510081229126,-12.595744518451685
R03071,WP_014233791.1,1,A,12912,68.80933119136844,9.257425899527695
R03071,WP_020334163.1,1,A,12912,68.80933119136844,9.257425899527695
R03083,WP_020334612.1,1,,21971,-167.44211253532563,-45.054440216695475
R03084,WP_014233259.1,12,,21099,-5.290246993946141,-2.1352076246949014
R03084,WP_020334239.1,12,,21099,-5.290246993946141,-2.1352076246949014
R03093,WP_020333740.1,1,,45779,56.84062786381166,15.294376254535452
R03096,WP_020333205.1,1,,34374,-30.796961507527087,-8.286683917727197
R03163,WP_020336030.1,6,,17236,5.45935198927998,2.2034604446150303
R03165,WP_014233341.1,1,,18968,-313.95385494828395,-126.71557030419396
R03180,WP_020333205.1,1,,34378,-29.173640391427085,-7.849889236446545
R03181,WP_020333142.1,1,,14820,-1.2436275085292436e-5,-5.019430929275433e-6
R03182,WP_020332934.1,2,,15808,,
R03191,WP_020334019.1,1,,12248,55.42204945372873,11.18450449527577
R03193,WP_020335891.1,1,,23375,-30.4765643567982,-4.100236571411955
R03194,WP_014233342.1,5,,32462,-268.89734368350923,-36.17673926820814
R03194,WP_020334837.1,1,,32462,-268.89734368350923,-36.17673926820814
R03194,WP_020335811.1,1,,32462,-268.89734368350923,-36.17673926820814
R03194,WP_024372592.1,1,,32462,-268.89734368350923,-36.17673926820814
R03197,WP_020334704.1,2,,19868,-90.89035961389118,-12.228149213759108
R03210,WP_020332931.1,2,,20715,,
R03217,WP_020334622.1,4,,30934,-72.48203027389064,-14.627311718269613
R03220,WP_020333539.1,2,,18260,-371.23747671838873,-59.934372952241
R03223,WP_020333406.1,1,,22331,-25.92563916414622,-5.231950651994202
R03223,WP_020335109.1,1,,22331,-25.92563916414622,-5.231950651994202
R03231,WP_020332930.1,2,,16864,,
R03241,WP_020336029.1,1,,12379,-20.36197729890239,-4.109170066372473
R03243,WP_020332949.1,2,,23747,-8.832064772599267,-1.7823640432888632
R03243,WP_024373008.1,2,,23747,-8.832064772599267,-1.7823640432888632
R03269,WP_020335718.1,12,,16796,-38.28894900072649,-10.302588384683618
R03276,WP_020334579.1,2,A,21763,-0.44821242593411625,-0.1809039522034965
R03276,WP_014230439.1,2,A,21763,-0.44821242593411625,-0.1809039522034965
R03283,WP_020333868.1,1,,17988,-42.437407800980964,-8.564125343545722
R03291,WP_020333888.1,1,,14105,15.206639873760878,3.068791820268487
R03291,WP_020334000.1,1,,14105,15.206639873760878,3.068791820268487
R03293,WP_020333888.1,1,,14109,15.208783968749458,3.069224511593951
R03293,WP_020334000.1,1,,14109,15.208783968749458,3.069224511593951
R03313,WP_020333697.1,2,,19544,24.73858263308321,3.993916376513283
R03346,WP_020332984.1,1,,30938,-44.564046096128884,-11.991058403712556
R03346,WP_020333325.1,1,,30938,-44.564046096128884,-11.991058403712556
R03346,WP_020334911.1,1,,30938,-44.564046096128884,-11.991058403712556
R03346,WP_024372917.1,1,,30938,-44.564046096128884,-11.991058403712556
R03346,WP_024372975.1,1,,30938,-44.564046096128884,-11.991058403712556
R03348,WP_020333946.1,2,,12736,43.05568746882139,6.951118333424574
R03409,WP_014230908.1,2,,13076,,
R03409,WP_014230908.1,2,,13076,,
R03443,WP_020334620.1,1,,21591,21.596947592763996,3.4867156276806046
R03457,WP_014231489.1,1,,11043,-41.32791617365092,-16.68044645698249
R03458,WP_020333698.1,2,,17848,25.278593093992868,5.101372844937054
R03459,WP_020333698.1,2,,21871,261.05383911376055,70.2429897091055
R03460,WP_014231325.1,1,,21259,-16.478218771960677,-3.325404126078059
R03471,WP_020335114.1,1,,23099,-11.463270808059747,-2.3133573216261105
R03472,WP_020333407.1,2,,24843,,
R03503,WP_014232935.1,1,,11415,-7.477066230089804,-1.5089171491525872
R03503,WP_020335867.1,1,,11415,-7.477066230089804,-1.5089171491525872
R03504,WP_014230757.1,8,,10543,-9.96081373685442,-2.6802032070759174
R03508,WP_020335572.1,1,,23479,-89.54888251906928,-24.095340848474486
R03509,WP_020335572.1,1,,21543,-9.793638701096938,-3.9528309457042616
R03530,WP_014230937.1,4,,30942,5.9326855959253635,1.1972518044841232
R03531,WP_014233038.1,2,,28345,-70.43017427809522,-18.950979705266374
R03537,WP_020335810.1,1,,27889,-33.04270112998529,-13.336433530229554
R03538,WP_020335810.1,1,,27881,-34.065749301958306,-13.749348137000599
R03601,WP_024372701.1,2,A,14829,-51.28258179572629,-10.349134907082705
R03601,WP_061778637.1,2,A,14829,-51.28258179572629,-10.349134907082705
R03634,WP_020332962.1,1,,70282,-16.64617572284547,-4.479065138307562
R03777,WP_020335125.1,1,,30946,40.69752348196607,8.213006173845429
R03778,WP_061778630.1,1,,31090,30.173820388936292,6.089259294921228
R03857,WP_020335125.1,1,,31042,40.6975234819663,8.213006173845475
R03858,WP_061778630.1,1,,31094,30.173820388936292,6.089259294921228
R03869,WP_020333868.1,1,,31046,-45.7118051858788,-9.224918523005549
R03896,WP_014230723.1,1,A,22335,9.371863922104808,3.782597547332017
R03896,WP_014230724.1,1,A,22335,9.371863922104808,3.782597547332017
R03898,WP_014230723.1,1,B,42427,8.792923733489147,3.5489302901341864
R03898,WP_014230724.1,1,B,42427,8.792923733489147,3.5489302901341864
R03925,WP_014231714.1,1,,10807,0.0,0.0
R03929,WP_020335810.1,1,,27885,-32.958188047100975,-13.302323028552117
R03947,WP_020333312.1,1,,15616,-45.84332061131386,-9.25145913060622
R03947,WP_020335811.1,1,,15616,-45.84332061131386,-9.25145913060622
R03968,WP_014230723.1,1,A,16296,-0.3915610012760453,-0.1580387525222407
R03968,WP_014230724.1,1,A,16296,-0.3915610012760453,-0.1580387525222407
R03990,WP_020335125.1,1,,28361,40.69752348196562,8.213006173845336
R03991,WP_061778630.1,1,,18164,30.173820388935837,6.089259294921136
R04001,WP_014230723.1,1,A,10679,-3.695077414270429,-1.491377903114303
R04001,WP_014230724.1,1,A,10679,-3.695077414270429,-1.491377903114303
R04030,WP_020336156.1,1,,17012,-18.154324479185334,-2.442434924336569
R04031,WP_020336155.1,1,,10199,-38.59048805797562,-15.57558738493297
R04035,WP_014231493.1,1,,22831,-107.33110496917803,-28.880087446373384
R04037,WP_014231493.1,1,,20052,-0.01175335648588316,-0.00474379672879797
R04065,WP_020333868.1,1,,31062,-43.93176151248963,-8.865694952909497
R04137,WP_020334274.1,1,,31082,0.39895216468090666,0.1610219154020619
R04138,WP_020333781.1,1,,13592,-13.551517885309067,-1.8231854673964605
R04138,WP_020333783.1,1,,13592,-13.551517885309067,-1.8231854673964605
R04138,WP_020336017.1,1,,13592,-13.551517885309067,-1.8231854673964605
R04144,WP_014233273.1,1,,17456,,
R04148,WP_020333105.1,2,,11199,-23.813226375180363,-4.805652985867799
R04170,WP_020334274.1,1,,31078,-0.4319535148248974,-0.17434165917457595
R04173,WP_031779177.1,2,,14332,10.89625784409158,2.1989306790372924
R04187,WP_020333505.1,1,,31074,-0.6654942954466208,-0.13430077040397753
R04188,WP_020336394.1,1,,13996,1.0114685046252418,0.2041204565387967
R04188,WP_014234566.1,1,,13996,1.0114685046252418,0.2041204565387967
R04188,WP_020335347.1,1,,13996,1.0114685046252418,0.2041204565387967
R04198,WP_020335893.1,4,,35326,47.5531850838438,9.596520113875883
R04199,WP_020335893.1,4,,35334,47.55532917883238,9.596952805201347
R04203,WP_020334579.1,2,A,31187,15.619639702529184,3.1521376814724067
R04203,WP_014230439.1,2,A,31187,15.619639702529184,3.1521376814724067
R04204,WP_020334274.1,1,,31122,-3.6868219416805346,-1.4880458946013595
R04208,WP_014232732.1,2,,23035,,
R04210,WP_020334568.1,2,,18832,15.630128615527155,3.1542544074999115
R04224,WP_020334274.1,1,,31178,5.552012364016491,2.240859291752204
R04231,WP_020335718.1,12,,19400,-57.34100100331807,-7.714507009472988
R04286,WP_014232353.1,1,,22051,-27.319454923237373,-7.350974793345533
R04325,WP_014232733.1,1,,15056,,
R04326,WP_014232733.1,1,,31134,,
R04365,WP_014232822.1,3,,17328,26.019401532116262,5.250872464456662
R04376,WP_020333212.1,4,,23843,-246.54247673864083,-66.33834888313227
R04376,WP_020333212.1,4,,23843,-246.54247673864083,-66.33834888313227
R04378,WP_020334560.1,2,,31138,41.15301043842061,8.304926194166194
R04379,WP_020334675.1,1,,18816,0.0010251994900727368,0.00041378290475692646
R04379,WP_020335792,1,,18816,0.0010251994900727368,0.00041378290475692646
R04405,WP_014233963.1,1,,21199,-38.89771129783037,-7.849793198819591
R04405,WP_020335577.1,1,,21199,-38.89771129783037,-7.849793198819591
R04418,WP_020334231.1,1,,15684,-47.29425945874664,-9.544267358043403
R04426,WP_020335844.1,2,,10895,15.626074417381687,3.1534362458146314
R04439,WP_020336240.1,4,,22071,15.621488413442364,3.1525107625064486
R04440,WP_020336240.1,4,,31142,15.621665317365341,3.1525464627871362
R04441,WP_020333559.1,2,,24812,-36.93065911603594,-14.905660363269423
R04444,WP_020335027.1,2,,31158,1.6003696457203205,0.32296426554210667
R04444,WP_024372956.1,2,,31158,1.6003696457203205,0.32296426554210667
R04445,WP_020335027.1,2,,24946,1.6025137407084458,0.32339695686747905
R04445,WP_024372956.1,2,,24946,1.6025137407084458,0.32339695686747905
R04448,WP_020335110.1,1,,24215,-18.358977114984214,-3.704952525125199
R04457,WP_014231012.1,60,,26155,-98.75457319515806,-19.929269644790704
R04463,WP_020333690.1,1,,17132,,
R04475,WP_014233192.1,2,,11963,-0.9220551187593742,-0.1860762949458634
R04509,WP_020335114.1,1,,19896,5.654827001018475,1.1411782609320809
R04560,WP_020334699.1,1,,22195,,
R04573,WP_020335886.1,1,,16088,-32.83826843243935,-4.4179740075753084
R04591,WP_020333021.1,3,,22631,-77.4450899856331,-10.419258106583474
R04617,WP_020335886.1,1,,28377,-32.90704200949597,-4.427226623207866
R04638,WP_020334772.1,1,,25305,-71.12314427250479,-19.13744041525355
R04672,WP_014230733.1,2,A,24808,0.6176848457781432,0.12465253454831536
R04672,WP_014233403.1,2,B,24808,0.6176848457781432,0.12465253454831536
R04672,WP_020333557.1,2,A,24808,0.6176848457781432,0.12465253454831536
R04672,WP_020333557.1,2,B,24808,0.6176848457781432,0.12465253454831536
R04673,WP_014230733.1,2,A,33694,8.102743465212257,1.6351825961686028
R04673,WP_014233403.1,2,B,33694,8.102743465212257,1.6351825961686028
R04673,WP_020333557.1,2,A,33694,8.102743465212257,1.6351825961686028
R04673,WP_020333557.1,2,B,33694,8.102743465212257,1.6351825961686028
R04734,WP_014234613.1,1,,11923,-3.250318827684083,-1.3118679622146776
R04737,WP_020334579.1,2,A,31162,15.619639702527365,3.1521376814720394
R04737,WP_014230439.1,2,A,31162,15.619639702527365,3.1521376814720394
R04738,WP_020334274.1,1,,31166,-0.4319535148258069,-0.17434165917494304
R04739,WP_020334579.1,2,A,31170,15.619639702528275,3.1521376814722233
R04739,WP_014230439.1,2,A,31170,15.619639702528275,3.1521376814722233
R04740,WP_020334274.1,1,,31174,-0.4319535148247269,-0.1743416591745071
R04741,WP_020334579.1,2,A,31182,15.619639702529184,3.1521376814724067
R04741,WP_014230439.1,2,A,31182,15.619639702529184,3.1521376814724067
R04742,WP_061778630.1,1,,31186,30.173820388936292,6.089259294921228
R04744,WP_020334274.1,1,,31194,-0.4319535148248974,-0.17434165917457595
R04745,WP_020334579.1,2,A,31198,15.619639702529184,3.1521376814724067
R04745,WP_014230439.1,2,A,31198,15.619639702529184,3.1521376814724067
R04746,WP_020334274.1,1,,31202,-0.43195351482467004,-0.1743416591744842
R04747,WP_061778630.1,1,,31206,30.173820388936292,6.089259294921228
R04748,WP_020334579.1,2,A,31146,16.721467710377965,3.374493231804303
R04748,WP_014230439.1,2,A,31146,16.721467710377965,3.374493231804303
R04749,WP_020334274.1,1,,30550,0.6833990695972716,0.2758281240523024
R04751,WP_020335125.1,1,,31210,40.503807293544014,8.17391307639469
R04754,WP_020335125.1,1,,28357,40.6975234819663,8.213006173845475
R04779,WP_014233238.1,4,,16112,-21.05010908198551,-4.248039218579861
R04780,WP_020335825.1,4,,11067,-25.70648172667898,-6.9169644756595305
R04780,WP_020335825.1,4,,11067,-25.70648172667898,-6.9169644756595305
R04780,WP_024372772.1,2,,11067,-25.70648172667898,-6.9169644756595305
R04780,WP_024372772.1,2,,11067,-25.70648172667898,-6.9169644756595305
R04880,WP_020335086.1,1,,31150,17.618647962000182,3.5555496282430354
R04880,WP_014234621.1,1,,31150,17.618647962000182,3.5555496282430354
R04903,WP_020333868.1,1,,31218,-44.09159181928982,-8.897949674676516
R04944,WP_020334622.1,4,,20397,-64.51336396019383,-13.01918670150522
R04972,WP_020334704.1,2,,31242,-90.89041228992664,-12.22815630065396
R05032,WP_020335890.1,2,,31230,-15.03133361574919,-3.0334139580257946
R05049,WP_020336178.1,1,,10815,-47.28854594696509,-9.543114336839126
R05050,WP_020333868.1,1,,31234,-43.85347424506244,-8.849896109252636
R05051,WP_020335027.1,2,,31246,-43.98736173150314,-8.876915413098615
R05051,WP_024372956.1,2,,31246,-43.98736173150314,-8.876915413098615
R05052,WP_020334859.1,1,,31238,-9.340136829549465,-1.8848960546614808
R05053,WP_020335357.1,1,,15869,0.7557012884927587,0.15250508672165858
R05066,WP_020334579.1,2,A,31278,17.621299343300052,3.5560846930116496
R05066,WP_014230439.1,2,A,31278,17.621299343300052,3.5560846930116496
R05066,WP_020335437.1,1,,31278,17.621299343300052,3.5560846930116496
R05066,WP_014234379.1,1,,31278,17.621299343300052,3.5560846930116496
R05068,WP_020336240.1,4,,13493,15.621471843891072,3.152507418670868
R05069,WP_020336240.1,4,,25407,0.00026229942920963367,0.00010586721978055761
R05070,WP_020333559.1,2,,27697,-36.928253986879895,-14.904689624073646
R05071,WP_020336240.1,4,,31258,0.00017690392297708968,7.140056137480355e-5
R05085,WP_031779177.1,2,,16576,-10.532850035524746,-2.1255927871946696
R05086,WP_020335912.1,1,,30662,-31.92262339494436,-8.589571079403175
R05135,WP_020335810.1,1,,27861,-33.043374569637194,-13.336705338612257
R05176,WP_020335731.1,5,,17580,0.0,0.0
R05185,WP_020333808.1,2,A,21451,-509.222429652122,-6.044950796209979
R05185,WP_014234003.1,2,A,21451,-509.222429652122,-6.044950796209979
R05185,WP_014234004.1,2,A,21451,-509.222429652122,-6.044950796209979
R05221,WP_020333107.1,2,,15772,-30.71493188548277,-6.198458864861749
R05222,WP_020333107.1,2,,22715,40.96679382298498,8.267346555864048
R05223,WP_020333106.1,1,,16052,-90.79643771939527,-18.323269814759264
R05225,WP_020334862.1,1,,23259,-215.18387167646745,-7.895528301947907
R05227,WP_020335199.1,1,,15344,,
R05227,WP_020335200.1,1,,15344,,
R05286,WP_020333868.1,1,,30050,-44.05857377969551,-8.89128643475833
R05290,WP_020334207.1,1,A,12633,-328.3065777334265,-53.00340107492821
R05290,WP_020334208.1,1,A,12633,-328.3065777334265,-53.00340107492821
R05290,WP_020334209.1,1,A,12633,-328.3065777334265,-53.00340107492821
R05292,WP_020334210.1,1,,24231,-85.86704371324535,-13.862790652787313
R05314,WP_020334210.1,1,,15660,-85.86334320113784,-13.862193224222917
R05332,WP_014233410.1,3,,13728,-21.988720379121332,-4.437456650371098
R05553,WP_024372812.1,2,,16204,-108.13407626671295,-29.09614672663884
R05576,WP_020334276.1,1,,16197,13.840210937466281,2.7930382035924874
R05595,WP_020334274.1,1,,45587,-6.325263204893815,-2.5529526766418655
R05604,WP_020335204.1,1,,17924,8.570536470810111,1.7295860515719608
R05605,WP_020335092.1,3,,17092,-0.8504872507285768,-0.22884462225671137
R05605,WP_020336248.1,3,,17092,-0.8504872507285768,-0.22884462225671137
R05627,WP_014230759.1,1,,28097,-51.40836600476155,-13.832691894106869
R05627,WP_020335846.1,1,,28097,-51.40836600476155,-13.832691894106869
R05629,WP_014230799.1,2,,21923,-0.9187807525563016,-0.18541550805908433
R05630,WP_014230799.1,2,,28389,-0.9187807525576659,-0.18541550805935963
R05633,WP_020333970.1,2,,13432,-9.354949970477257,-1.8878854360165382
R05634,WP_020333321.1,2,,18440,-9.579787988853582,-1.9332591068213032
R05636,WP_014231016.1,2,,12608,-29.177229439791574,-5.8881412189834865
R05637,WP_014232982.1,3,,23867,1792.6749155941845,482.3635081381811
R05645,WP_014232735.1,4,,27489,4.451611065810084,0.8983620141716447
R05646,WP_014230770.1,2,,27476,-11.721289019170513,-2.3654269558326315
R05647,WP_020333715.1,1,,28521,-25.767935408854434,-6.933500108229776
R05651,WP_020335198.1,1,,24207,-236.15607343776847,-47.65772271118519
R05652,WP_020335007.1,1,,10423,0.7254382794046705,0.1463978286082811
R05662,WP_020335890.1,2,,23195,-15.031361349952135,-3.0334195549555467
R05688,WP_020335145.1,2,,13720,12.981666941932417,2.619778837111328
R05705,WP_020333378.1,1,,21623,19.81393833858283,3.9985724923798713
R05706,WP_020333464.1,2,,21627,19.816082433570955,3.9990051837052434
R05837,WP_020335840.1,2,,32278,-18.805227248659406,-3.0360067990327693
R05838,WP_020333976.1,8,,15268,-221.71106894727401,-44.74263351382342
R05850,WP_020335000.1,1,,22371,-0.4974201445032236,-0.20076478214259644
R05884,WP_020335931.1,2,,24491,-83.001687378067,-11.166828061462185
R06171,WP_020334819.1,4,,26212,-17.16456746169044,-4.618551252362006
R06366,WP_020333868.1,1,,31302,-44.057043663033255,-8.89097764796939
R06447,WP_014232761.1,2,,27554,-649.9771719084032,-29.148738023104116
R06513,WP_020335757.1,1,,17224,-47.535672644310466,-19.185971995500726
R06514,WP_020335761.1,2,,16972,-15.395597571183544,-6.21384925095996
R06529,WP_020335899.1,1,,21899,-36.422003335685304,-4.900120247568295
R06558,WP_020333107.1,2,,15768,-32.14757161884165,-6.48757422049725
R06590,WP_020333990.1,1,,27626,-5.946115510564255,-1.1999620424152422
R06590,WP_020333990.1,1,,10508,2.9266975442405396,0.5906252504646161
R06590,WP_020334176.1,1,,27626,-5.946115510564255,-1.1999620424152422
R06590,WP_020334176.1,1,,10508,2.9266975442405396,0.5906252504646161
R06601,WP_020334079.1,1,,23739,156.69825099577128,63.24530795734196
R06604,WP_020334080.1,1,,26304,-84.18876978266806,-22.65306999330961
R06782,WP_020333182.1,1,A,20360,-349.87177276088335,-56.484990414961004
R06782,WP_020333180.1,1,A,20360,-349.87177276088335,-56.484990414961004
R06782,WP_020333184.1,2,A,20360,-349.87177276088335,-56.484990414961004
R06782,WP_020333183.1,2,A,20360,-349.87177276088335,-56.484990414961004
R06783,WP_020333180.1,1,A,25061,-343.3553925318764,-55.4329544879951
R06783,WP_020333182.1,1,A,25061,-343.3553925318764,-55.4329544879951
R06783,WP_020333183.1,1,A,25061,-343.3553925318764,-55.4329544879951
R06783,WP_020333184.1,1,A,25061,-343.3553925318764,-55.4329544879951
R06784,WP_020333181.1,1,,25065,-61.92647519606214,-12.497136916331447
R06785,WP_020333181.1,1,,25069,-61.915971970887995,-12.495017302020301
R06786,WP_020333211.1,1,,24788,-422.65115102906714,-68.23484508727482
R06786,WP_020334249.1,1,,24788,-422.65115102906714,-68.23484508727482
R06787,WP_020333211.1,1,,27849,-422.63162090445553,-68.23169204954107
R06788,WP_020333212.1,4,,25057,-246.55325691018814,-66.34124955481605
R06789,WP_020333213.1,2,,25049,-70.76115988241656,-19.040039565397656
R06789,WP_020333213.1,2,,34194,-70.76115988241656,-19.040039565397656
R06895,WP_020336290.1,1,,15428,-40.64910669850701,-3.281294149744283
R06941,WP_020334276.1,1,,34854,15.619464251607269,3.152102274416114
R06942,WP_020334274.1,1,,76650,,
R06977,WP_020334091.1,1,,11163,29.535692820652002,5.960481295435774
R06977,WP_020335559.1,1,,11163,29.535692820652002,5.960481295435774
R06977,WP_020336356.1,1,,11163,29.535692820652002,5.960481295435774
R06979,WP_014235031.1,1,,17284,22.203037277874444,8.961414191313521
R06979,WP_020336355.1,1,,17284,22.203037277874444,8.961414191313521
R06987,WP_020332855.1,2,,28057,-3.5586346187342173,-0.718153970893962
R07136,WP_014230708.1,2,,15536,15.619312548966718,3.1520716599065115
R07168,WP_014233163.1,4,,19824,40.471808545471504,8.167455535665184
R07211,WP_020335273.1,1,,20276,-225.70570618913908,-36.43902035906367
R07263,WP_020336154.1,6,,26565,-79.15471770622588,-31.947800730346522
R07280,WP_020334058.1,1,,25200,-32.170262923544435,-8.656204617213138
R07281,WP_014231011.1,2,,18460,-105.31793171086426,-28.33839340752511
R07281,WP_014233750.1,2,,18460,-105.31793171086426,-28.33839340752511
R07302,WP_020335899.1,1,,12575,-40.71273178100478,-5.477383533663472
R07390,WP_014231527.1,1,,31454,,
R07396,WP_014232358.1,2,,25799,-10.400249971440985,-2.0988332929602156
R07396,WP_024372863.1,2,,25799,-10.400249971440985,-2.0988332929602156
R07404,WP_020333541.1,2,,19320,,
R07405,WP_005394016.1,8,,13196,30.728405073055114,12.402355671064674
R07409,WP_020335442.1,1,,33054,14.61506419126863,2.9494082726489714
R07411,WP_201765970.1,1,,28073,-55.104336057582714,-11.120388011991057
R07411,WP_014234638.1,1,,28073,-55.104336057582714,-11.120388011991057
R07414,WP_020336398.1,1,,13636,-23.505152077908633,-3.162321153990003
R07415,WP_020336396.1,1,,28417,-110.15112290667754,-17.78332979675146
R07415,WP_020332828.1,1,,28417,-110.15112290667754,-17.78332979675146
R07417,WP_020336397.1,1,,42343,-43.991071279496964,-8.877664022300571
R07417,WP_020333882.1,1,,42343,-43.991071279496964,-8.877664022300571
R07418,WP_020336397.1,1,,28413,-43.98892718450816,-8.87723133097506
R07418,WP_020333882.1,1,,28413,-43.98892718450816,-8.87723133097506
R07605,WP_020333712.1,2,,13412,-82.0665626601708,-11.041018848774666
R07650,WP_020335559.1,1,,15692,-35.46048551693211,-9.54152035343291
R08090,WP_020333780.1,1,,23087,-20.74219349940674,-5.5811999910416255
R08090,WP_020336020.1,1,,23087,-20.74219349940674,-5.5811999910416255
R08146,WP_020333868.1,1,,24219,-44.05791953797365,-8.891154404825276
R08165,WP_020336152.1,2,,25596,-2.8437839011183996,-0.5738927762353204
R08166,WP_024372723.1,1,,25600,-108.25439999880246,-29.128522801641672
R08210,WP_020335931.1,2,,24828,-83.05951375040058,-11.174607869050023
R08549,WP_014232944.1,2,,27789,-28.214429651680575,-3.7958949356949185
R08549,WP_020336079.1,2,,27789,-28.214429651680575,-3.7958949356949185
R08549,WP_020336307.1,2,A,27789,-28.214429651680575,-3.7958949356949185
R08549,WP_014231151.1,2,A,27789,-28.214429651680575,-3.7958949356949185
R08549,WP_020336079.1,1,A,27789,-28.214429651680575,-3.7958949356949185
R08549,WP_020336307.1,2,B,27789,-28.214429651680575,-3.7958949356949185
R08549,WP_014231151.1,2,B,27789,-28.214429651680575,-3.7958949356949185
R08549,WP_014232944.1,1,B,27789,-28.214429651680575,-3.7958949356949185
R08572,WP_020333929.1,1,,27380,-10.881512561402815,-2.1959549918849386
R08572,WP_020335104.1,1,,27380,-10.881512561402815,-2.1959549918849386
R08575,WP_014233810.1,1,,17056,3.4184060459862735,0.6898549975119886
R08620,WP_014230723.1,1,A,50643,4.086542779355284,1.6493780557139202
R08620,WP_014230724.1,1,A,50643,4.086542779355284,1.6493780557139202
R08624,WP_014230723.1,1,A,50647,4.086538284819426,1.6493762416649267
R08624,WP_014230724.1,1,A,50647,4.086538284819426,1.6493762416649267
R08639,WP_020334023.1,1,,23536,-8.58530125418008,-3.4651313481592494
R08648,WP_014230733.1,2,A,27657,-18.297785388835678,-3.6926036650067475
R08648,WP_014233403.1,2,B,27657,-18.297785388835678,-3.6926036650067475
R08648,WP_020333557.1,2,A,27657,-18.297785388835678,-3.6926036650067475
R08648,WP_020333557.1,2,B,27657,-18.297785388835678,-3.6926036650067475
R08648,WP_020335849.1,2,A,27657,-18.297785388835678,-3.6926036650067475
R08648,WP_020335849.1,2,B,27657,-18.297785388835678,-3.6926036650067475
R08648,WP_014230733.1,2,A,25249,-27.018213699826333,-5.452438795723718
R08648,WP_014233403.1,2,B,25249,-27.018213699826333,-5.452438795723718
R08648,WP_020333557.1,2,A,25249,-27.018213699826333,-5.452438795723718
R08648,WP_020333557.1,2,B,25249,-27.018213699826333,-5.452438795723718
R08648,WP_020335849.1,2,A,25249,-27.018213699826333,-5.452438795723718
R08648,WP_020335849.1,2,B,25249,-27.018213699826333,-5.452438795723718
R08689,WP_014230940.1,1,,26122,-77.6755394229121,-10.450262165949564
R08714,WP_020332830.1,1,,30710,3.8887511424292143,0.7847734802701729
R09079,WP_014232392.1,1,,34114,49.3269089436686,7.963574645923203
R09080,WP_014232392.1,1,,34118,50.98223054123834,8.230817767123229
R09081,WP_014232391.1,1,,34098,-38.0766110294996,-10.245453603680675
R09081,WP_014232391.1,1,,34102,-39.55566749187097,-10.643430313076102
R09082,WP_014232391.1,1,,34102,-39.55566749187097,-10.643430313076102
R09099,WP_014234563.1,2,,47107,8.730232678549555,1.7618137113381611
R09099,WP_014234563.1,2,,47107,8.730232678549555,1.7618137113381611
R09099,WP_014234563.1,2,,47107,8.730232678549555,1.7618137113381611
R09099,WP_020333718.1,2,,47107,8.730232678549555,1.7618137113381611
R09099,WP_020333718.1,2,,47107,8.730232678549555,1.7618137113381611
R09099,WP_020333718.1,2,,47107,8.730232678549555,1.7618137113381611
R09099,WP_020334946.1,2,,47107,8.730232678549555,1.7618137113381611
R09099,WP_020334946.1,2,,47107,8.730232678549555,1.7618137113381611
R09099,WP_020334946.1,2,,47107,8.730232678549555,1.7618137113381611
R09107,WP_014233160.1,2,,61095,-44.28446624515246,-11.915830532474653
R09248,WP_014230710.1,1,,27801,-406.2357324427521,-27.326941896660113
R09365,WP_014233963.1,1,,45019,0.010957312420487142,0.0022112518615067978
R09365,WP_020335577.1,1,,45019,0.010957312420487142,0.0022112518615067978
R09489,WP_020333588.1,4,,65032,,
R09499,WP_236614638.1,1,,30226,-177.63763538770598,-23.8988988571261
R09725,WP_024372767.1,1,,42703,,
R09726,WP_014232531.1,6,,31334,-1.493395105628906,-0.30137615690438135
R09735,WP_020333259.1,2,,35050,,
R09735,WP_020334183.1,2,,35050,,
R09769,WP_014232735.1,4,,27489,4.451611065810084,0.8983620141716447
R09771,WP_020333715.1,1,,28525,-25.76793540885447,-6.933500108229784
R09800,WP_014233710.1,1,,52307,-22.0143024185312,-8.885238521032612
R09801,WP_020334094.1,1,,40954,-27.442675768569273,-7.384130408294464
R09805,WP_020334092.1,1,,45767,-75.69853222883052,-15.276421250101766
R09820,WP_020334266.1,1,,31750,-50.52602797037298,-10.196457773270707
R09836,WP_020334266.1,1,,31758,33.949249565207765,13.702327435231973
R09837,WP_020334275.1,1,,31846,225.4549348686162,90.99633656187332
R09838,WP_020334267.1,2,A,32174,-510.7969894896231,-82.46553538067555
R09838,WP_020334267.1,2,A,32174,-510.7969894896231,-82.46553538067555
R09838,WP_020334267.1,2,A,32174,-510.7969894896231,-82.46553538067555
R09838,WP_020334267.1,2,A,32174,-510.7969894896231,-82.46553538067555
R09838,WP_020334267.1,2,A,32174,-510.7969894896231,-82.46553538067555
R09838,WP_020334268.1,3,B,32174,-510.7969894896231,-82.46553538067555
R09838,WP_020334268.1,3,B,32174,-510.7969894896231,-82.46553538067555
R09838,WP_020334268.1,3,B,32174,-510.7969894896231,-82.46553538067555
R09838,WP_020334268.1,3,B,32174,-510.7969894896231,-82.46553538067555
R09838,WP_020334268.1,3,B,32174,-510.7969894896231,-82.46553538067555
R09838,WP_020334269.1,2,A,32174,-510.7969894896231,-82.46553538067555
R09838,WP_020334269.1,2,A,32174,-510.7969894896231,-82.46553538067555
R09838,WP_020334269.1,2,A,32174,-510.7969894896231,-82.46553538067555
R09838,WP_020334269.1,2,A,32174,-510.7969894896231,-82.46553538067555
R09838,WP_020334269.1,2,A,32174,-510.7969894896231,-82.46553538067555
R09838,WP_020334270.1,1,B,32174,-510.7969894896231,-82.46553538067555
R09838,WP_020334270.1,1,B,32174,-510.7969894896231,-82.46553538067555
R09838,WP_020334270.1,1,B,32174,-510.7969894896231,-82.46553538067555
R09838,WP_020334270.1,1,B,32174,-510.7969894896231,-82.46553538067555
R09838,WP_020334270.1,1,B,32174,-510.7969894896231,-82.46553538067555
R09838,WP_020334272.1,1,B,32174,-510.7969894896231,-82.46553538067555
R09838,WP_020334272.1,1,B,32174,-510.7969894896231,-82.46553538067555
R09838,WP_020334272.1,1,B,32174,-510.7969894896231,-82.46553538067555
R09838,WP_020334272.1,1,B,32174,-510.7969894896231,-82.46553538067555
R09838,WP_020334272.1,1,B,32174,-510.7969894896231,-82.46553538067555
R09839,WP_020334275.1,1,,34802,30.173272631548116,6.089148754170195
R09839,WP_061778630.1,1,,34802,30.173272631548116,6.089148754170195
R09840,WP_020334277.1,4,,70430,-46.27748761758215,-12.452102208190556
R09942,WP_024372752.1,1,,32530,12.464505769110247,2.515412587230208
R09959,WP_014232353.1,1,,27969,-88.83079740520918,-17.926591720989666
R09978,WP_014231919.1,1,,27985,-103.5906745016996,-13.936816075344638
R09993,WP_014233504.1,1,,31802,52.28091626778766,14.067473115308184
R10002,WP_020336322.1,2,,27977,-72.10389012763352,-19.401334335538074
R10052,WP_020335844.1,2,,32274,-15.44405806592718,-2.4933633969328604
R10092,WP_014232941.1,2,,10751,8.048871281984766,3.2486217280872514
R10092,WP_014232941.1,2,,10751,8.048871281984766,3.2486217280872514
R10092,WP_020333437.1,2,,10751,8.048871281984766,3.2486217280872514
R10092,WP_020333437.1,2,,10751,8.048871281984766,3.2486217280872514
R10147,WP_020333621.1,4,,34174,-84.63305655954193,-22.772616335174526
R10147,WP_020333881.1,4,,34174,-84.63305655954193,-22.772616335174526
R10170,WP_014230723.1,1,A,32290,-4.0866384155464175,-1.6494166556365208
R10170,WP_014230724.1,1,A,32290,-4.0866384155464175,-1.6494166556365208
R10178,WP_020336055.1,1,,32266,6.3535819743047455,1.282191237118417
R10221,WP_014231949.1,2,,33026,-6.802671878186317,-1.0982562348580496
R10221,WP_020336051.1,2,,33026,-6.802671878186317,-1.0982562348580496
R10246,WP_020333402.1,2,,26364,-102.22309347153896,-10.314618998418343
R10339,WP_020335592.1,1,,35954,-62.414747199902415,-12.595673157334737
R10612,WP_020335782.1,1,,38294,-39.594688534749025,-10.653929889418773
R10619,WP_020335003.1,1,,28678,-5.399309190526537,-2.179226445360727
R10619,WP_020335003.1,1,,28678,-5.399309190526537,-2.179226445360727
R10712,WP_020333406.1,1,,47851,-51.37766318575885,-8.294658324934588
R10712,WP_020335109.1,1,,47851,-51.37766318575885,-8.294658324934588
R10845,WP_014232358.1,2,,39914,-7.867471196627832,-1.5877032306176564
R10845,WP_014232358.1,2,,39914,-7.867471196627832,-1.5877032306176564
R10845,WP_024372863.1,2,,39914,-7.867471196627832,-1.5877032306176564
R10845,WP_024372863.1,2,,39914,-7.867471196627832,-1.5877032306176564
R10859,WP_014230940.1,1,,43607,1867.5859269811374,376.8901258888573
R10907,WP_014231951.1,1,,38215,-6.824178776500048,-1.377160515618486
R10907,WP_014231951.1,1,,15841,-6.822034681511923,-1.3767278242931136
R10907,WP_020336052.1,1,,38215,-6.824178776500048,-1.377160515618486
R10907,WP_020336052.1,1,,15841,-6.822034681511923,-1.3767278242931136
R10908,WP_020333207.1,1,,33870,-86.61147623038678,-17.478719296549905
R10991,WP_014234314.1,6,,70226,-10.99368024099175,-2.218591107455412
R10993,WP_020333954.1,1,,72070,,
R10994,WP_020333997.1,4,,72078,,
R11037,WP_014230757.1,8,,45335,-562.1741955774444,-90.76011990950929
R11073,WP_014230757.1,8,,45331,0.0,0.0
R11173,WP_014231643.1,1,,30370,-21.59679052286173,-5.811150449260407
R11174,WP_020333106.1,1,,23563,-86.95681215538798,-17.548410173080565
R11225,WP_014230700.1,1,,37746,-190.8766640034928,-38.52006426382121
R11263,WP_020336339.1,1,,26525,-2.852251685012959,-1.151203252392142
R11264,WP_020336338.1,1,,37754,-0.002621951585297211,-0.0010582513487392919
R11323,WP_020333972.1,2,,28537,-58.39115858874882,-15.71158488140399
R11329,WP_020333364.1,1,,49575,,
R11633,WP_020334856.1,2,,51627,-56.673621277815926,-11.437079252626644
R11634,WP_020334856.1,2,,51619,-62.47542507422793,-12.607918319050095
R11635,WP_020334856.1,2,,51631,-64.97671337157652,-13.112693412743312
R11636,WP_020334856.1,2,,51623,-57.99709899808573,-11.70416505435459
R12696,WP_020336028.1,4,,64875,-4.281857263013393,-1.1521395612597765
R00345,WP_014233161.1,4,,28370,32.22222230122867,6.502639179317116
R01542,WP_014233474.1,4,,24232,9.1649077875079,1.8495337750681755
R01902,WP_020333671.1,1,,20117,-4.30772352464794,-0.8693246388525351
R00271,WP_020333817.1,1,,12932,-30.69114069539245,-6.193657658931331
R01175,WP_020335125.1,1,,30734,35.12898213717767,7.089240879764904
R00086,WP_020333972.1,2,,13065,-46.75659080866504,-12.581016767099491
R01868,WP_014231887.1,1,,30190,,
R01600,WP_020335259.1,1,,17825,-20.401307562184343,-4.1171071511756
R01582,WP_020335357.1,1,,15869,0.7557012884927587,0.15250508672165858
R01785,WP_020333668.1,1,,19689,-10.748431652124708,-2.892131280246023
R02401,WP_020336395.1,4,,57832,-45.694187421313245,-9.221363151652046
R02401,WP_020335229.1,4,,57832,-45.694187421313245,-9.221363151652046
R02401,WP_020335349.1,4,,57832,-45.694187421313245,-9.221363151652046
R00937,WP_014230714.1,1,,15009,18.82333255550884,3.7986622591235695
R00940,WP_014230714.1,1,,15009,18.82333255550884,3.7986622591235695
R00985,WP_014232407.1,2,B,21732,-126.1966290133233,-20.37379387301893
R00985,WP_020335570.1,2,A,21732,-126.1966290133233,-20.37379387301893
R01015,WP_020335791.1,2,,18588,-5.617742386692498,-2.267388723317457
R01056,WP_014233012.1,2,,14657,3.0470824597819615,1.2298393078141368
R00209,WP_014232946.1,24,A,28042,-34.226838870159554,-4.604788611218513
R00209,WP_020333942.1,24,A,28042,-34.226838870159554,-4.604788611218513
R00209,WP_020334965.1,24,B,28042,-34.226838870159554,-4.604788611218513
R00209,WP_014234327.1,24,B,28042,-34.226838870159554,-4.604788611218513
R00209,WP_020334975.1,24,C,28042,-34.226838870159554,-4.604788611218513
R00209,WP_020334977.1,24,C,28042,-34.226838870159554,-4.604788611218513
R01933,WP_020336307.1,2,A,30798,-32.76227551306329,-4.407750120671712
R01933,WP_014231151.1,2,A,30798,-32.76227551306329,-4.407750120671712
R01933,WP_020336079.1,1,A,30798,-32.76227551306329,-4.407750120671712
R01933,WP_020336307.1,2,B,30798,-32.76227551306329,-4.407750120671712
R01933,WP_014231151.1,2,B,30798,-32.76227551306329,-4.407750120671712
R01933,WP_014232944.1,1,B,30798,-32.76227551306329,-4.407750120671712
R02235,WP_014230714.1,1,,15009,18.82333255550884,3.7986622591235695
R02294,WP_014232864.1,6,,27642,8.138510656290833,1.6424006314694397
R02294,WP_014234920.1,6,,27642,8.138510656290833,1.6424006314694397
R02295,WP_014232864.1,6,,27642,8.138510656290833,1.6424006314694397
R02295,WP_014234920.1,6,,27642,8.138510656290833,1.6424006314694397
R04558,WP_014231492.1,1,A,24796,216.437287990567,34.94268211783609
R04558,WP_020332950.1,1,A,24796,216.437287990567,34.94268211783609
R04859,WP_024372701.1,2,A,14829,-51.28258179572629,-10.349134907082705
R04859,WP_061778637.1,2,A,14829,-51.28258179572629,-10.349134907082705
R04928,WP_020335741.1,1,,24152,-17.414783490719742,-3.5144085459853907
R04928,WP_020335813.1,1,,24152,-17.414783490719742,-3.5144085459853907
R00428,WP_014233818.1,10,,17473,-97.23420916633656,-26.16326799495043
R00896,WP_020334859.1,1,,21824,2.835696904678784,0.5722607714840765
R03321,WP_020334604.1,2,,11816,-1.1506968221270881,-0.46443514473512787
R02459,WP_020335357.1,1,,15869,0.7557012884927587,0.15250508672165858
R04391,WP_020334016.1,1,,16373,-17.837073554960284,-3.599629232848512
R04506,WP_020333868.1,1,,25294,-55.637470075038664,-11.227977678443194
R04639,WP_014233818.1,10,,17473,-97.23420916633656,-26.16326799495043
R04929,WP_014230682.1,1,A,18133,46.51835720360226,9.38768559417698
R04929,WP_020335738.1,1,B,18133,46.51835720360226,9.38768559417698
R04929,WP_201765966.1,1,A,18133,46.51835720360226,9.38768559417698
R04929,WP_201765966.1,1,B,18133,46.51835720360226,9.38768559417698
R05046,WP_014233818.1,10,,17473,-97.23420916633656,-26.16326799495043
R01049,WP_014231062.1,6,,15609,-3.3936417727848607,-0.68485741752941
R00008,WP_269465656.1,1,,22751,-2.99162345626965,-0.8049702558126096
R04425,WP_020333930.1,1,,17941,-2.854631431287885,-1.1521637467503214
R01977,WP_014230439.1,2,A,21763,-0.44821242593411625,-0.1809039522034965
R01977,WP_020334579.1,2,A,21763,-0.44821242593411625,-0.1809039522034965
R01977,WP_014233785.1,1,,45799,14.288423363400625,2.883490179694282
R02560,WP_020332961.1,1,A,22027,239.37803867265893,48.30793476592597
R02560,WP_020335107.1,1,B,22027,239.37803867265893,48.30793476592597
R01586,WP_014234063.1,1,A,15840,-4.664433633538238,-0.9413108944262258
R01586,WP_020336443.1,1,B,15840,-4.664433633538238,-0.9413108944262258
R00527,WP_020335085.1,1,,14964,-25.67777116296567,-6.909239188652439
R06983,WP_020335086.1,1,,19988,-32.39641687174628,-6.537792696305575
R06983,WP_020335086.1,1,,19984,-32.39427277675725,-6.537360004980019
R00604,WP_014234726.1,1,,16428,-51.7403690747542,-10.44151914639963
R00029,WP_020335608.1,1,,20552,-61.31652121223645,-7.070882580824426
R00742,WP_014232608.1,1,A,11308,-9.097670056870584,-1.2239765298052505
R00742,WP_014233261.1,1,B,11308,-9.097670056870584,-1.2239765298052505
R00742,WP_020335136.1,1,C,11308,-9.097670056870584,-1.2239765298052505
R01626,WP_020335642.1,1,A,41792,,
R01626,WP_024372831.1,1,B,41792,,
R10707,WP_020335643.1,1,A,12080,,
R10707,WP_020334842.1,1,B,12080,,
R04355,WP_014232490.1,2,,41800,,
R04355,WP_014232616.1,2,,41800,,
R04533,WP_024372813.1,4,A,41804,,
R04533,WP_014233729.1,4,B,41804,,
R04533,WP_014233979.1,4,C,41804,,
R04533,WP_020334789.1,4,D,41804,,
R04533,WP_020336009.1,4,E,41804,,
R04428,WP_014231880.1,2,,41808,,
R04428,WP_014232754.1,1,,41808,,
R04429,WP_020334896.1,1,A,41812,,
R04429,WP_020334896.1,1,B,54868,,
R04429,WP_020333002.1,1,A,41812,,
R04429,WP_020333002.1,1,B,54868,,
R04952,WP_014232490.1,2,,41820,,
R04952,WP_014232616.1,2,,41820,,
R04953,WP_024372813.1,4,A,41824,,
R04953,WP_014233729.1,4,B,41824,,
R04953,WP_014233979.1,4,C,41824,,
R04953,WP_020334789.1,4,D,41824,,
R04953,WP_020336009.1,4,E,41824,,
R04954,WP_014231880.1,2,,41828,,
R04954,WP_014232754.1,1,,41828,,
R04955,WP_020333002.1,1,A,41832,,
R04955,WP_020334896.1,1,A,41832,,
R04957,WP_014232490.1,2,,41836,,
R04957,WP_014232616.1,2,,41836,,
R04936,WP_024372813.1,4,A,41840,,
R04936,WP_014233729.1,4,B,41840,,
R04936,WP_014233979.1,4,C,41840,,
R04936,WP_020334789.1,4,D,41840,,
R04936,WP_020336009.1,4,E,41840,,
R04537,WP_014231880.1,2,,41844,,
R04537,WP_014232754.1,1,,41844,,
R04958,WP_020333002.1,1,A,41528,,
R04958,WP_020334896.1,1,A,41528,,
R04958,WP_020333002.1,1,B,41848,,
R04958,WP_020334896.1,1,B,41848,,
R04960,WP_014232490.1,2,,41852,,
R04960,WP_014232616.1,2,,41852,,
R04534,WP_024372813.1,4,A,41856,,
R04534,WP_014233729.1,4,B,41856,,
R04534,WP_014233979.1,4,C,41856,,
R04534,WP_020334789.1,4,D,41856,,
R04534,WP_020336009.1,4,E,41856,,
R04535,WP_014231880.1,2,,41860,,
R04535,WP_014232754.1,1,,41860,,
R04961,WP_020333002.1,1,A,41864,,
R04961,WP_020334896.1,1,A,41864,,
R04961,WP_020333002.1,1,B,54936,,
R04961,WP_020334896.1,1,B,54936,,
R04963,WP_014232490.1,2,,41868,,
R04963,WP_014232616.1,2,,41868,,
R04964,WP_024372813.1,4,A,41872,,
R04964,WP_014233729.1,4,B,41872,,
R04964,WP_014233979.1,4,C,41872,,
R04964,WP_020334789.1,4,D,41872,,
R04964,WP_020336009.1,4,E,41872,,
R04965,WP_014231880.1,2,,41876,,
R04965,WP_014232754.1,1,,41876,,
R04724,WP_020333002.1,1,A,41880,,
R04724,WP_020334896.1,1,A,41880,,
R04726,WP_014232490.1,2,,41884,,
R04726,WP_014232616.1,2,,41884,,
R04566,WP_024372813.1,4,A,41888,,
R04566,WP_014233729.1,4,B,41888,,
R04566,WP_014233979.1,4,C,41888,,
R04566,WP_020334789.1,4,D,41888,,
R04566,WP_020336009.1,4,E,41888,,
R04568,WP_014231880.1,2,,41892,,
R04568,WP_014232754.1,1,,41892,,
R04966,WP_020333002.1,1,A,41896,,
R04966,WP_020334896.1,1,A,41896,,
R04968,WP_014232490.1,2,,41900,,
R04968,WP_014232616.1,2,,41900,,
R04543,WP_024372813.1,4,A,41904,,
R04543,WP_014233729.1,4,B,41904,,
R04543,WP_014233979.1,4,C,41904,,
R04543,WP_020334789.1,4,D,41904,,
R04543,WP_020336009.1,4,E,41904,,
R04544,WP_014231880.1,2,,41908,,
R04544,WP_014232754.1,1,,41908,,
R04969,WP_020333002.1,1,A,41912,,
R04969,WP_020334896.1,1,A,41912,,
R04969,WP_020333002.1,1,A,54900,,
R04969,WP_020334896.1,1,A,54900,,
R07762,WP_014232490.1,2,,41916,,
R07762,WP_014232616.1,2,,41916,,
R07763,WP_024372813.1,4,A,41920,,
R07763,WP_014233729.1,4,B,41920,,
R07763,WP_014233979.1,4,C,41920,,
R07763,WP_020334789.1,4,D,41920,,
R07763,WP_020336009.1,4,E,41920,,
R07764,WP_014231880.1,2,,41924,,
R07764,WP_014232754.1,1,,41924,,
R07765,WP_020333002.1,1,A,41928,,
R07765,WP_020334896.1,1,A,41928,,
R01041,WP_020335219.1,1,,23592,36.09191646228811,7.283566845585507
R13420,WP_020333226.1,1,A,20557,-65.836761022531,-13.286256225974942
R13420,WP_014231743.1,1,A,20557,-65.836761022531,-13.286256225974942
R13420,WP_014231742.1,1,A,20557,-65.836761022531,-13.286256225974942
R13016,WP_024372881.1,1,A,45700,-372.8558414017656,-50.16304130879098
R13016,WP_014234565.1,1,A,45700,-372.8558414017656,-50.16304130879098
R13028,WP_014234592.1,1,,74167,,
R13028,WP_050571931.1,1,,74167,,
R01773,WP_020334621.1,1,A,15757,19.43711658786856,3.922527585951426
R01773,WP_020334621.1,1,B,15757,19.43711658786856,3.922527585951426
R01775,WP_020334621.1,1,A,15761,19.43926068285714,3.92296027727689
R01775,WP_020334621.1,1,B,15761,19.43926068285714,3.92296027727689
R02291,WP_020334567.1,1,,24284,-7.091378030767913,-1.144866351852132
R02291,WP_020334567.1,1,,24284,-7.091378030767913,-1.144866351852132
R04640,WP_014231491.1,1,,15469,-9.775624832239487,-3.945560330517731
R01776,WP_014232008.1,1,,13701,-28.499947545579573,-5.751461639916181
R00401,WP_020335354.1,1,,20249,-0.04097706781766419,-0.01653883982015215
R00401,WP_020335354.1,1,,20249,-0.04097706781766419,-0.01653883982015215
R01148,WP_020335357.1,1,,15869,0.7557012884927587,0.15250508672165858
R00260,WP_014233294.1,1,,12813,0.5574402955468258,0.2249896405074881
R01579,WP_014233039.1,1,,22840,-37.131236342290464,-9.991077170641733
R13096,WP_020333776.1,1,,76495,,
R13096,WP_020335355.1,1,,76495,,
R13097,WP_014233961.1,1,,76499,,
R13097,WP_020335356.1,1,,76499,,
R00698,WP_020334780.1,1,,10712,-470.2901186376351,-94.90738790484264
R00693,WP_020333426.1,1,,17801,-33.5666753450887,-6.773957928099474
R02519,WP_020333140.1,1,,15449,-246.77808544548313,-66.40174523089824
R03181,WP_020333142.1,1,,14817,-1.2436275085292436e-5,-5.019430929275433e-6
R01364,WP_020333142.1,1,,10244,-93.33637355283437,-25.11445895304354
R00115,WP_020336250.1,1,,11740,29.712654354125704,4.796954561815626
R00274,WP_020334131.1,1,,16833,-274.4447808001286,-55.38461523561535
R00274,WP_020334619.1,1,,16833,-274.4447808001286,-55.38461523561535
R00274,WP_014233732.1,1,,16833,-274.4447808001286,-55.38461523561535
R04292,WP_020332896.1,1,,25888,-219.73514834053518,-44.34388079489286
