rhea,reactome
10272,R-HSA-426240.2
10332,R-HSA-1482533.2
10376,R-HSA-936802.2
10376,R-HSA-936895.2
11580,R-HSA-1482976.2
11660,R-HSA-162857.4
11896,R-HSA-192097.2
11924,R-HSA-9846477.1
12088,R-HSA-1638104.3
12280,R-HSA-1675776.5
12316,R-HSA-1675795.4
12316,R-HSA-1675994.3
12316,R-HSA-1676114.2
12316,R-HSA-1676141.4
12316,R-HSA-6809325.2
12316,R-HSA-6809720.2
12316,R-HSA-6809975.2
12593,R-HSA-1482939.2
12661,R-HSA-200406.9
12661,R-HSA-9911362.1
12709,R-HSA-1675939.2
12709,R-HSA-1675961.2
12709,R-HSA-1676024.2
12937,R-HSA-1482547.2
13609,R-HSA-1675910.2
13609,R-HSA-1675921.2
13609,R-HSA-1676134.2
13609,R-HSA-1676168.2
13905,R-HSA-9846501.1
13933,R-HSA-975593.3
13933,R-HSA-975594.2
14425,R-HSA-1676082.3
14425,R-HSA-3772436.2
14425,R-HSA-8868066.3
14621,R-HSA-191366.2
15325,R-HSA-1482695.3
15801,R-HSA-8848484.2
17365,R-HSA-5692462.2
17729,R-HSA-8876696.2
17873,R-HSA-3095901.4
17873,R-HSA-5223313.5
17873,R-HSA-9759206.2
18105,R-HSA-936883.2
18105,R-HSA-9662114.2
18105,R-HSA-9664214.2
18417,R-HSA-9844860.1
18561,R-HSA-194698.2
19261,R-HSA-382560.2
19261,R-HSA-917979.4
19877,R-HSA-1675780.2
19877,R-HSA-1675813.2
19877,R-HSA-1675883.2
19877,R-HSA-1675974.2
19877,R-HSA-1676185.2
20852,R-HSA-374916.4
21292,R-HSA-109699.5
21292,R-HSA-1226014.2
21292,R-HSA-1250370.4
21292,R-HSA-1250462.3
21292,R-HSA-1306957.3
21292,R-HSA-1306979.3
21292,R-HSA-1433514.4
21292,R-HSA-1676048.3
21292,R-HSA-177939.3
21292,R-HSA-1839091.3
21292,R-HSA-1839107.3
21292,R-HSA-186800.2
21292,R-HSA-198266.6
21292,R-HSA-201510.2
21292,R-HSA-202365.3
21292,R-HSA-2029271.2
21292,R-HSA-2316434.9
21292,R-HSA-2394007.2
21292,R-HSA-2424480.2
21292,R-HSA-2730870.2
21292,R-HSA-389158.2
21292,R-HSA-392300.2
21292,R-HSA-437162.2
21292,R-HSA-5218819.2
21292,R-HSA-5637801.3
21292,R-HSA-5654690.3
21292,R-HSA-5654692.3
21292,R-HSA-5654697.3
21292,R-HSA-5654701.2
21292,R-HSA-5654705.2
21292,R-HSA-5654709.3
21292,R-HSA-5654714.3
21292,R-HSA-5654717.2
21292,R-HSA-5655235.2
21292,R-HSA-5655289.3
21292,R-HSA-5655290.2
21292,R-HSA-5655323.2
21292,R-HSA-8852019.2
21292,R-HSA-9021627.2
21292,R-HSA-9028519.2
21292,R-HSA-9603445.3
21292,R-HSA-9664664.2
21292,R-HSA-9664940.2
21292,R-HSA-9665407.2
21292,R-HSA-9670433.2
21292,R-HSA-9672162.2
21292,R-HSA-9672177.2
21292,R-HSA-9680389.2
21292,R-HSA-9712084.2
21292,R-HSA-9860816.1
22044,R-HSA-937311.3
22044,R-HSA-9727198.2
22764,R-HSA-1675824.2
22764,R-HSA-1676177.3
23984,R-HSA-6807055.3
25017,R-HSA-199456.5
25121,R-HSA-6783883.2
26132,R-HSA-426043.2
27429,R-HSA-5221130.4
27518,R-HSA-428690.4
27518,R-HSA-428696.4
27802,R-HSA-2162253.5
27814,R-HSA-429749.3
75791,R-HSA-429749.3
75795,R-HSA-429749.3
75799,R-HSA-429749.3
75803,R-HSA-429749.3
75807,R-HSA-429749.3
27950,R-HSA-352103.2
29703,R-HSA-352103.2
70939,R-HSA-352103.2
70943,R-HSA-352103.2
73011,R-HSA-352103.2
27950,R-HSA-352107.2
29703,R-HSA-352107.2
70939,R-HSA-352107.2
70943,R-HSA-352107.2
73011,R-HSA-352107.2
27950,R-HSA-352158.2
68572,R-HSA-352158.2
70947,R-HSA-352158.2
27950,R-HSA-352191.3
29655,R-HSA-352191.3
29703,R-HSA-352191.3
35019,R-HSA-352191.3
35031,R-HSA-352191.3
68572,R-HSA-352191.3
70715,R-HSA-352191.3
70719,R-HSA-352191.3
70939,R-HSA-352191.3
70943,R-HSA-352191.3
70947,R-HSA-352191.3
72807,R-HSA-352191.3
73011,R-HSA-352191.3
73419,R-HSA-352191.3
73423,R-HSA-352191.3
27950,R-HSA-352232.4
29703,R-HSA-352232.4
68572,R-HSA-352232.4
70939,R-HSA-352232.4
70943,R-HSA-352232.4
70947,R-HSA-352232.4
72807,R-HSA-352232.4
73011,R-HSA-352232.4
28486,R-HSA-1362417.2
28486,R-HSA-442368.3
28486,R-HSA-904830.2
28486,R-HSA-917936.2
28695,R-HSA-2752067.2
28699,R-HSA-8959798.2
28703,R-HSA-437300.3
28747,R-HSA-444416.2
28839,R-HSA-435171.2
29579,R-HSA-435171.2
73063,R-HSA-435171.2
28899,R-HSA-375405.2
28963,R-HSA-375405.2
28899,R-HSA-375417.2
28963,R-HSA-375417.2
29443,R-HSA-375417.2
28899,R-HSA-428625.2
28915,R-HSA-428625.2
28943,R-HSA-6797957.2
28967,R-HSA-352052.3
28967,R-HSA-352059.2
29263,R-HSA-352059.2
29267,R-HSA-352059.2
29275,R-HSA-352059.2
29283,R-HSA-352059.2
29575,R-HSA-352059.2
68232,R-HSA-352059.2
68236,R-HSA-352059.2
68240,R-HSA-352059.2
69999,R-HSA-352059.2
70023,R-HSA-352059.2
71383,R-HSA-352059.2
28967,R-HSA-352108.2
29263,R-HSA-352108.2
29283,R-HSA-352108.2
29575,R-HSA-352108.2
68228,R-HSA-352108.2
68236,R-HSA-352108.2
68240,R-HSA-352108.2
69999,R-HSA-352108.2
71383,R-HSA-352108.2
28987,R-HSA-428585.3
28991,R-HSA-4085020.3
29255,R-HSA-2514867.2
29255,R-HSA-8949703.2
29255,R-HSA-9712190.2
29263,R-HSA-375473.2
29267,R-HSA-375473.2
29275,R-HSA-375473.2
29283,R-HSA-375473.2
29575,R-HSA-375473.2
68228,R-HSA-375473.2
68232,R-HSA-375473.2
68236,R-HSA-375473.2
68240,R-HSA-375473.2
68244,R-HSA-375473.2
68248,R-HSA-375473.2
68252,R-HSA-375473.2
29283,R-HSA-352119.2
29575,R-HSA-352119.2
68236,R-HSA-352119.2
68240,R-HSA-352119.2
71383,R-HSA-352119.2
29283,R-HSA-352364.2
29351,R-HSA-435366.2
29351,R-HSA-435375.2
29351,R-HSA-437084.2
29351,R-HSA-437085.2
29351,R-HSA-437136.2
29351,R-HSA-437139.3
29351,R-HSA-442317.2
29351,R-HSA-442345.2
29351,R-HSA-442387.2
29351,R-HSA-442393.2
29351,R-HSA-442405.2
29351,R-HSA-442422.2
29351,R-HSA-9820566.2
29415,R-HSA-373867.5
29415,R-HSA-373875.5
29415,R-HSA-433698.4
64720,R-HSA-433698.4
71775,R-HSA-433698.4
29415,R-HSA-9645220.4
64720,R-HSA-9645220.4
71775,R-HSA-9645220.4
29419,R-HSA-2872444.2
29419,R-HSA-2872463.2
29419,R-HSA-2889070.3
29419,R-HSA-425965.2
29419,R-HSA-425983.2
29419,R-HSA-425994.2
29419,R-HSA-426015.2
29447,R-HSA-8953430.2
29455,R-HSA-376200.2
29655,R-HSA-376200.2
35019,R-HSA-376200.2
35031,R-HSA-376200.2
70711,R-HSA-376200.2
70715,R-HSA-376200.2
70719,R-HSA-376200.2
29463,R-HSA-1013020.2
29463,R-HSA-1296024.3
29463,R-HSA-1296035.3
29463,R-HSA-1296037.2
29463,R-HSA-1296039.2
29463,R-HSA-1296043.2
29463,R-HSA-1296045.2
29463,R-HSA-1296046.3
29463,R-HSA-1296127.2
29463,R-HSA-1296348.2
29463,R-HSA-1299297.2
29463,R-HSA-1299304.2
29463,R-HSA-1299318.2
29463,R-HSA-1299338.2
29463,R-HSA-1299359.2
29463,R-HSA-1369017.3
29463,R-HSA-2534365.2
29463,R-HSA-5577050.2
29463,R-HSA-5577234.3
29463,R-HSA-5577237.7
29463,R-HSA-5578910.2
29463,R-HSA-5678261.3
29463,R-HSA-5683209.3
29463,R-HSA-877187.2
29463,R-HSA-9659554.2
29463,R-HSA-9663752.2
29463,R-HSA-9667761.2
29463,R-HSA-9667809.2
29463,R-HSA-9729870.2
29463,R-HSA-9730521.2
29463,R-HSA-9731072.2
29463,R-HSA-9837835.1
29575,R-HSA-352347.2
29579,R-HSA-435349.2
29667,R-HSA-432010.3
29667,R-HSA-432054.3
29667,R-HSA-432065.3
29667,R-HSA-432067.3
29667,R-HSA-445714.3
29667,R-HSA-507868.5
29667,R-HSA-507870.5
29671,R-HSA-139854.3
29671,R-HSA-139855.3
29671,R-HSA-169683.6
29671,R-HSA-2089943.3
29671,R-HSA-210420.4
29671,R-HSA-2534359.2
29671,R-HSA-265645.2
29671,R-HSA-2685505.3
29671,R-HSA-2855020.4
29671,R-HSA-3295579.4
29671,R-HSA-399712.5
29671,R-HSA-418309.2
29671,R-HSA-426223.2
29827,R-HSA-426223.2
34963,R-HSA-426223.2
29671,R-HSA-432164.5
29671,R-HSA-434798.2
29671,R-HSA-4420052.3
29671,R-HSA-451311.3
29671,R-HSA-5577213.9
29671,R-HSA-622326.4
29671,R-HSA-629595.4
29671,R-HSA-8949145.2
29671,R-HSA-8949178.2
29671,R-HSA-9659515.2
29671,R-HSA-9663785.2
29671,R-HSA-9701055.2
29671,R-HSA-9701141.2
29671,R-HSA-9706720.2
29671,R-HSA-9717215.2
29671,R-HSA-9754616.2
29671,R-HSA-9858800.1
29675,R-HSA-432049.4
29675,R-HSA-432074.4
29675,R-HSA-507869.4
29675,R-HSA-507871.4
29679,R-HSA-6803255.2
29703,R-HSA-9672770.4
70943,R-HSA-9672770.4
73011,R-HSA-9672770.4
29723,R-HSA-6784434.3
29723,R-HSA-6784436.5
29823,R-HSA-2684901.4
29823,R-HSA-2744228.2
29823,R-HSA-2744242.4
29823,R-HSA-2744349.2
29823,R-HSA-2744361.4
29823,R-HSA-427570.2
29823,R-HSA-432034.4
34923,R-HSA-432034.4
66324,R-HSA-432034.4
75383,R-HSA-432034.4
76159,R-HSA-432034.4
29823,R-HSA-432036.5
34923,R-HSA-432036.5
66324,R-HSA-432036.5
75383,R-HSA-432036.5
76159,R-HSA-432036.5
29823,R-HSA-8941543.2
66324,R-HSA-8941543.2
29823,R-HSA-9659568.2
29823,R-HSA-9712204.2
29823,R-HSA-975340.5
29823,R-HSA-975389.2
29823,R-HSA-975449.3
29827,R-HSA-442661.3
29827,R-HSA-5336453.2
29827,R-HSA-5336454.2
29827,R-HSA-5336466.2
29827,R-HSA-5339528.2
29827,R-HSA-5339538.2
29927,R-HSA-429581.2
31495,R-HSA-9851347.1
32143,R-HSA-352136.2
70935,R-HSA-352136.2
32143,R-HSA-375768.2
70935,R-HSA-375768.2
71199,R-HSA-375768.2
32143,R-HSA-375770.2
70935,R-HSA-375770.2
71199,R-HSA-375770.2
32143,R-HSA-375776.2
70935,R-HSA-375776.2
71199,R-HSA-375776.2
32143,R-HSA-375790.2
70935,R-HSA-375790.2
71199,R-HSA-375790.2
32143,R-HSA-8932851.2
70935,R-HSA-8932851.2
72807,R-HSA-8932851.2
32143,R-HSA-8952726.2
32143,R-HSA-8959781.2
70935,R-HSA-8959781.2
71199,R-HSA-8959781.2
71203,R-HSA-8959781.2
72807,R-HSA-8959781.2
32751,R-HSA-444433.2
32751,R-HSA-6797956.2
32799,R-HSA-444126.2
32799,R-HSA-507873.4
32799,R-HSA-507875.4
32887,R-HSA-975635.2
32931,R-HSA-1483063.2
32939,R-HSA-1482961.2
32939,R-HSA-1482973.2
32955,R-HSA-1675836.2
32955,R-HSA-1676005.2
32955,R-HSA-1676020.2
32955,R-HSA-1676174.2
33179,R-HSA-1112666.3
33179,R-HSA-114689.5
33179,R-HSA-1855177.5
33179,R-HSA-1855214.4
33179,R-HSA-1855221.5
33179,R-HSA-398193.2
33179,R-HSA-399998.2
33179,R-HSA-9717205.2
33183,R-HSA-9737111.2
33191,R-HSA-1482636.2
33195,R-HSA-1482598.2
33459,R-HSA-194632.2
33555,R-HSA-428262.6
33651,R-HSA-2046098.2
33739,R-HSA-6808464.5
33751,R-HSA-1483197.2
33919,R-HSA-9755937.2
34003,R-HSA-195664.3
34919,R-HSA-199626.2
34959,R-HSA-164967.3
34959,R-HSA-8949399.3
34963,R-HSA-2671885.5
34963,R-HSA-2672334.5
34963,R-HSA-2730664.4
34963,R-HSA-3295580.2
34963,R-HSA-399711.3
34963,R-HSA-420980.3
34963,R-HSA-438037.4
34963,R-HSA-451310.4
34963,R-HSA-5576895.8
34963,R-HSA-622325.5
34963,R-HSA-9717374.2
34963,R-HSA-9717382.2
34963,R-HSA-9717383.2
34963,R-HSA-9717395.2
34963,R-HSA-9717396.2
34979,R-HSA-1222516.2
34979,R-HSA-170026.6
34979,R-HSA-2534378.2
34979,R-HSA-6788999.3
34979,R-HSA-74723.3
34979,R-HSA-9729542.2
34979,R-HSA-9864415.1
34983,R-HSA-8875871.2
34999,R-HSA-163215.3
34999,R-HSA-5672027.5
35015,R-HSA-3165230.5
35031,R-HSA-8932980.2
35035,R-HSA-888592.3
35035,R-HSA-9653180.2
35271,R-HSA-1482626.2
36391,R-HSA-196417.3
36399,R-HSA-6807064.3
38663,R-HSA-1483170.3
38695,R-HSA-1482857.2
38903,R-HSA-382553.2
66272,R-HSA-382553.2
38951,R-HSA-9843721.1
38955,R-HSA-5339535.4
38963,R-HSA-266070.3
39007,R-HSA-8876731.2
39019,R-HSA-1676065.4
39019,R-HSA-1676105.4
39019,R-HSA-1676203.4
39019,R-HSA-6809320.2
39019,R-HSA-6809778.2
39019,R-HSA-6809944.2
39051,R-HSA-1369028.2
39051,R-HSA-1369052.2
39051,R-HSA-1454928.2
39051,R-HSA-8848053.3
39743,R-HSA-1483218.2
39747,R-HSA-265443.3
39747,R-HSA-5250531.3
39747,R-HSA-8951850.2
40651,R-HSA-111883.5
41768,R-HSA-9845587.1
47576,R-HSA-9845587.1
41968,R-HSA-9846305.1
42128,R-HSA-8959462.4
44412,R-HSA-2162186.6
44492,R-HSA-2162193.6
44564,R-HSA-2162192.5
44680,R-HSA-1675810.2
44680,R-HSA-1675866.2
44688,R-HSA-1482543.2
44764,R-HSA-2162188.6
44936,R-HSA-2046085.2
45088,R-HSA-1483186.2
45256,R-HSA-434381.2
46632,R-HSA-192067.2
46640,R-HSA-192033.2
46740,R-HSA-196402.3
47200,R-HSA-193789.2
47568,R-HSA-9845516.1
47572,R-HSA-9845538.1
47992,R-HSA-450971.5
48344,R-HSA-6785933.4
49916,R-HSA-200424.5
50048,R-HSA-194153.3
50052,R-HSA-194153.3
50056,R-HSA-194153.3
50060,R-HSA-194153.3
50064,R-HSA-194153.3
50052,R-HSA-193362.2
50056,R-HSA-193362.2
50060,R-HSA-193362.2
50064,R-HSA-193362.2
50976,R-HSA-879528.2
50980,R-HSA-879528.2
50984,R-HSA-879528.2
50988,R-HSA-879528.2
51196,R-HSA-444008.4
51496,R-HSA-428273.5
51496,R-HSA-9695949.4
55652,R-HSA-1675988.2
55652,R-HSA-1676124.3
55652,R-HSA-1676133.2
60364,R-HSA-429101.2
60368,R-HSA-2872497.2
60380,R-HSA-198818.4
63180,R-HSA-5218841.3
63180,R-HSA-5668629.6
63180,R-HSA-5668718.4
63180,R-HSA-5668731.3
63180,R-HSA-6789092.2
63180,R-HSA-9673797.2
63388,R-HSA-2995334.4
63952,R-HSA-428664.5
64720,R-HSA-372342.6
64816,R-HSA-189456.4
66172,R-HSA-5340130.3
66324,R-HSA-429767.3
66324,R-HSA-5627802.2
66336,R-HSA-210439.2
66336,R-HSA-212658.5
67684,R-HSA-382575.3
67724,R-HSA-727807.3
68232,R-HSA-352354.2
68236,R-HSA-212642.3
69404,R-HSA-109527.2
71515,R-HSA-109527.2
71519,R-HSA-109527.2
71523,R-HSA-109527.2
71527,R-HSA-109527.2
71531,R-HSA-109527.2
75343,R-HSA-109527.2
75363,R-HSA-109527.2
75367,R-HSA-109527.2
75371,R-HSA-109527.2
75375,R-HSA-109527.2
76639,R-HSA-109527.2
69404,R-HSA-109529.2
71515,R-HSA-109529.2
71519,R-HSA-109529.2
71523,R-HSA-109529.2
71527,R-HSA-109529.2
71531,R-HSA-109529.2
75343,R-HSA-109529.2
75363,R-HSA-109529.2
75367,R-HSA-109529.2
75371,R-HSA-109529.2
75375,R-HSA-109529.2
76639,R-HSA-109529.2
69883,R-HSA-198870.4
69887,R-HSA-109530.2
69891,R-HSA-109530.2
69895,R-HSA-109530.2
69927,R-HSA-109530.2
69887,R-HSA-109538.2
69891,R-HSA-109538.2
69895,R-HSA-109538.2
69927,R-HSA-109538.2
69931,R-HSA-109538.2
69935,R-HSA-109538.2
69887,R-HSA-109539.2
69927,R-HSA-109539.2
69931,R-HSA-109539.2
69935,R-HSA-109539.2
69955,R-HSA-425661.4
69955,R-HSA-8949688.2
69967,R-HSA-2514891.2
69967,R-HSA-425678.2
69967,R-HSA-5626316.2
69999,R-HSA-352371.2
70687,R-HSA-444007.2
70699,R-HSA-210404.5
70715,R-HSA-351963.2
70783,R-HSA-372448.6
70831,R-HSA-379415.2
70831,R-HSA-379426.2
70947,R-HSA-8870352.3
70955,R-HSA-428052.2
70955,R-HSA-8875623.3
71059,R-HSA-379432.2
75043,R-HSA-379432.2
71127,R-HSA-352174.2
71131,R-HSA-352174.2
71135,R-HSA-352174.2
71163,R-HSA-352174.2
71127,R-HSA-352182.3
71131,R-HSA-352182.3
71135,R-HSA-352182.3
71159,R-HSA-352182.3
71163,R-HSA-352182.3
71167,R-HSA-352182.3
71207,R-HSA-209910.2
71255,R-HSA-427656.4
71259,R-HSA-427605.2
71259,R-HSA-427645.2
71395,R-HSA-428990.5
71519,R-HSA-109534.3
75343,R-HSA-109534.3
75363,R-HSA-109534.3
75367,R-HSA-109534.3
75371,R-HSA-109534.3
75375,R-HSA-109534.3
71519,R-HSA-109536.3
75343,R-HSA-109536.3
75363,R-HSA-109536.3
75367,R-HSA-109536.3
75371,R-HSA-109536.3
75375,R-HSA-109536.3
71519,R-HSA-727749.2
71523,R-HSA-727749.2
75343,R-HSA-727749.2
75363,R-HSA-727749.2
75367,R-HSA-727749.2
75371,R-HSA-727749.2
75375,R-HSA-727749.2
71519,R-HSA-727767.2
71523,R-HSA-727767.2
75343,R-HSA-727767.2
75363,R-HSA-727767.2
75367,R-HSA-727767.2
75371,R-HSA-727767.2
75375,R-HSA-727767.2
71587,R-HSA-198440.6
71587,R-HSA-376851.6
71607,R-HSA-372843.5
71615,R-HSA-1614546.3
71703,R-HSA-192315.2
71851,R-HSA-192315.2
71855,R-HSA-192315.2
71859,R-HSA-192315.2
71703,R-HSA-194079.3
71851,R-HSA-194079.3
71703,R-HSA-194083.4
71851,R-HSA-194083.4
71703,R-HSA-194130.4
71851,R-HSA-194130.4
71855,R-HSA-194130.4
71859,R-HSA-194130.4
72683,R-HSA-194130.4
75051,R-HSA-194130.4
71703,R-HSA-9733964.2
71851,R-HSA-9733964.2
71855,R-HSA-9733964.2
71859,R-HSA-9733964.2
72683,R-HSA-9733964.2
75051,R-HSA-9733964.2
71739,R-HSA-372480.3
71799,R-HSA-418365.3
71799,R-HSA-427910.4
71919,R-HSA-433101.2
72003,R-HSA-561253.2
72091,R-HSA-165026.4
72091,R-HSA-549297.3
72199,R-HSA-8949687.3
72219,R-HSA-425483.3
72219,R-HSA-8878664.4
72363,R-HSA-1237038.2
72363,R-HSA-1247665.3
72363,R-HSA-425482.2
72363,R-HSA-427666.2
72395,R-HSA-426086.2
72399,R-HSA-561059.2
72543,R-HSA-561059.2
72427,R-HSA-426155.2
72483,R-HSA-75849.5
72683,R-HSA-193399.2
72687,R-HSA-2404139.2
72695,R-HSA-741450.2
72695,R-HSA-744231.3
72727,R-HSA-9912889.1
72731,R-HSA-9792608.2
72791,R-HSA-9661446.3
72795,R-HSA-9661446.3
72839,R-HSA-9837333.1
72907,R-HSA-429567.2
72987,R-HSA-429663.3
73371,R-HSA-199206.4
73375,R-HSA-199219.3
73419,R-HSA-212614.3
73419,R-HSA-212651.4
73703,R-HSA-174368.2
73811,R-HSA-8870354.3
73863,R-HSA-351596.2
73863,R-HSA-372542.3
73863,R-HSA-444160.2
73867,R-HSA-444160.2
73871,R-HSA-444160.2
73875,R-HSA-444160.2
73879,R-HSA-444160.2
73863,R-HSA-727740.2
73867,R-HSA-727740.2
73871,R-HSA-727740.2
73875,R-HSA-727740.2
75343,R-HSA-727740.2
73863,R-HSA-727768.2
73867,R-HSA-727768.2
73871,R-HSA-727768.2
73875,R-HSA-727768.2
75343,R-HSA-727768.2
73867,R-HSA-380586.4
73871,R-HSA-351604.2
73871,R-HSA-374896.2
73871,R-HSA-374919.4
73887,R-HSA-426130.2
74375,R-HSA-3779381.3
74375,R-HSA-6789077.2
74819,R-HSA-1247915.2
74819,R-HSA-1500817.2
74891,R-HSA-1237042.4
74891,R-HSA-1237069.4
74891,R-HSA-1247645.3
74891,R-HSA-1247649.3
74895,R-HSA-1222662.2
74895,R-HSA-1222686.3
75039,R-HSA-727759.2
75443,R-HSA-917892.4
75443,R-HSA-9661408.3
75471,R-HSA-8875838.2
75479,R-HSA-8855062.3
75687,R-HSA-9717392.2
75687,R-HSA-9855161.1
75791,R-HSA-8876312.2
75795,R-HSA-8876312.2
75799,R-HSA-8876312.2
75843,R-HSA-549241.3
76271,R-HSA-6797962.3
77259,R-HSA-9845055.1
78455,R-HSA-1606583.3
78455,R-HSA-428205.5
78455,R-HSA-428231.4
81275,R-HSA-2162195.5
81667,R-HSA-8867876.3
10040,R-HSA-176606.3
10040,R-HSA-8953499.3
10112,R-HSA-1614524.4
10116,R-HSA-71299.4
10132,R-HSA-159443.3
10164,R-HSA-71660.4
10164,R-HSA-70494.4
10188,R-HSA-191323.4
10188,R-HSA-73918.4
10224,R-HSA-964970.2
10244,R-HSA-71181.6
10248,R-HSA-73666.5
10276,R-HSA-1855182.3
10292,R-HSA-449734.3
10300,R-HSA-70449.4
10300,R-HSA-70482.5
10336,R-HSA-5690911.3
10336,R-HSA-70971.5
10348,R-HSA-1247935.3
10380,R-HSA-73567.5
10388,R-HSA-372819.3
10388,R-HSA-70241.5
10400,R-HSA-893616.3
10408,R-HSA-390224.4
10412,R-HSA-2393939.5
10412,R-HSA-2393954.4
10412,R-HSA-5696049.2
10428,R-HSA-2161964.4
10600,R-HSA-2161620.4
10600,R-HSA-2161701.5
10656,R-HSA-71286.3
10716,R-HSA-1855178.3
10748,R-HSA-1237059.4
10748,R-HSA-1237081.2
10748,R-HSA-1475017.2
10748,R-HSA-1475022.2
10748,R-HSA-1475028.2
10748,R-HSA-1475436.3
10748,R-HSA-1237045.2
10748,R-HSA-1237047.4
10748,R-HSA-1475025.3
10748,R-HSA-1475026.4
10748,R-HSA-1475032.3
10748,R-HSA-1475435.3
10792,R-HSA-73806.4
10932,R-HSA-70577.5
10944,R-HSA-6788295.2
10964,R-HSA-5662466.3
10980,R-HSA-9014766.4
10992,R-HSA-389826.3
11020,R-HSA-1855153.3
11020,R-HSA-1855233.3
11028,R-HSA-9909159.1
11084,R-HSA-5662473.3
11092,R-HSA-75889.3
11140,R-HSA-446201.3
11148,R-HSA-1562603.2
11148,R-HSA-1562604.2
11148,R-HSA-917891.3
11148,R-HSA-917933.3
11184,R-HSA-73591.5
11240,R-HSA-997381.2
11260,R-HSA-5693681.2
11260,R-HSA-8865107.2
11260,R-HSA-9698758.2
11308,R-HSA-200555.6
11308,R-HSA-75851.6
11308,R-HSA-8876889.5
11392,R-HSA-1855213.3
11392,R-HSA-1855218.3
11532,R-HSA-389821.2
11576,R-HSA-196761.2
11596,R-HSA-73564.5
11600,R-HSA-73548.6
24400,R-HSA-73548.6
25094,R-HSA-73548.6
11600,R-HSA-75125.6
24400,R-HSA-75125.6
25094,R-HSA-75125.6
11612,R-HSA-70600.5
15133,R-HSA-70600.5
11612,R-HSA-70589.5
15133,R-HSA-70589.5
11680,R-HSA-73792.5
11684,R-HSA-5696213.2
11684,R-HSA-6800149.2
11708,R-HSA-73794.6
11740,R-HSA-3323079.2
11740,R-HSA-71682.4
11744,R-HSA-965067.2
11752,R-HSA-9749609.2
11752,R-HSA-9749647.2
11752,R-HSA-9749792.2
11852,R-HSA-1237160.2
11856,R-HSA-1855185.3
11992,R-HSA-6783880.2
12044,R-HSA-5694109.3
12228,R-HSA-70599.4
12272,R-HSA-209924.2
12280,R-HSA-6811522.3
12308,R-HSA-70941.5
12356,R-HSA-532549.3
12452,R-HSA-1855162.3
12452,R-HSA-994137.4
12460,R-HSA-70982.5
12512,R-HSA-6810076.3
12524,R-HSA-5693347.2
12556,R-HSA-71296.4
12601,R-HSA-70952.5
12601,R-HSA-508561.5
12641,R-HSA-977348.4
12653,R-HSA-9012268.5
12661,R-HSA-200410.5
12709,R-HSA-6798174.3
12717,R-HSA-1855228.3
12721,R-HSA-351215.2
12733,R-HSA-197268.4
12793,R-HSA-1855207.3
12793,R-HSA-1855227.3
12889,R-HSA-5661290.3
12893,R-HSA-2161660.5
12893,R-HSA-265295.4
12921,R-HSA-189442.5
12973,R-HSA-110145.5
12973,R-HSA-6788810.2
12973,R-HSA-74220.6
23100,R-HSA-74220.6
12973,R-HSA-110141.6
23100,R-HSA-110141.6
12973,R-HSA-110144.5
13069,R-HSA-1483222.2
13101,R-HSA-70903.4
13161,R-HSA-6798667.3
13185,R-HSA-189406.4
13201,R-HSA-71275.3
13217,R-HSA-888548.4
13233,R-HSA-74249.6
13233,R-HSA-112034.6
13237,R-HSA-449715.3
13253,R-HSA-1855172.3
13253,R-HSA-994140.4
13281,R-HSA-70837.6
13281,R-HSA-508369.6
13285,R-HSA-174367.4
13445,R-HSA-8938300.3
13509,R-HSA-446204.2
13517,R-HSA-73635.5
30655,R-HSA-73635.5
13517,R-HSA-75126.5
30655,R-HSA-75126.5
13557,R-HSA-174394.5
13589,R-HSA-70773.7
13589,R-HSA-508308.6
13665,R-HSA-392152.5
13665,R-HSA-74885.3
13677,R-HSA-71303.5
13677,R-HSA-199803.4
13697,R-HSA-8955844.2
13889,R-HSA-196955.4
13929,R-HSA-350604.2
13933,R-HSA-8848355.4
13941,R-HSA-70349.7
13977,R-HSA-9014741.4
13989,R-HSA-70361.4
14005,R-HSA-1614583.4
14013,R-HSA-176604.3
14017,R-HSA-8869627.4
14017,R-HSA-8869633.4
14077,R-HSA-909776.2
14105,R-HSA-6783939.3
14105,R-HSA-70664.5
14109,R-HSA-6783955.4
14165,R-HSA-8954468.2
14181,R-HSA-71241.7
14205,R-HSA-8876789.2
14329,R-HSA-977333.3
14357,R-HSA-196964.4
14409,R-HSA-6814153.2
14469,R-HSA-71239.3
14501,R-HSA-1614631.3
14505,R-HSA-1655879.4
14541,R-HSA-193385.2
14665,R-HSA-74255.7
14729,R-HSA-71496.5
14729,R-HSA-71495.5
14777,R-HSA-76590.6
14801,R-HSA-70486.6
14801,R-HSA-71850.6
14817,R-HSA-71173.6
14837,R-HSA-389862.4
14905,R-HSA-73815.6
14961,R-HSA-5693724.2
14981,R-HSA-193064.4
15009,R-HSA-197972.3
15017,R-HSA-8878787.2
15093,R-HSA-71155.4
15093,R-HSA-517444.4
15097,R-HSA-70920.4
15149,R-HSA-965019.2
15229,R-HSA-446221.3
15281,R-HSA-6807052.3
15305,R-HSA-6797955.2
15325,R-HSA-549112.3
15381,R-HSA-8953398.2
15389,R-HSA-111930.6
15389,R-HSA-164377.4
15389,R-HSA-170676.2
15389,R-HSA-381607.2
15389,R-HSA-392129.6
15389,R-HSA-442715.3
15389,R-HSA-5211224.7
15389,R-HSA-5610727.3
15449,R-HSA-71164.6
15549,R-HSA-1237140.2
15553,R-HSA-1855208.3
15573,R-HSA-209821.2
15609,R-HSA-73580.4
15641,R-HSA-9012016.4
15641,R-HSA-9861660.2
15753,R-HSA-111524.6
15793,R-HSA-189384.6
15817,R-HSA-965079.2
15889,R-HSA-70609.4
15901,R-HSA-71445.5
15901,R-HSA-71654.5
15969,R-HSA-5696230.2
15973,R-HSA-176664.3
15981,R-HSA-351222.2
15989,R-HSA-191352.3
16001,R-HSA-2161187.4
16061,R-HSA-1483116.3
16061,R-HSA-6814132.2
16065,R-HSA-389639.4
16089,R-HSA-1483096.3
16117,R-HSA-5694494.2
16121,R-HSA-73589.4
16169,R-HSA-70606.4
16189,R-HSA-71163.6
16301,R-HSA-8870346.3
16301,R-HSA-8938076.2
16301,R-HSA-9637699.2
16341,R-HSA-191422.3
16373,R-HSA-196857.4
16373,R-HSA-199203.4
16501,R-HSA-6813740.2
16557,R-HSA-71223.3
16609,R-HSA-74213.4
16645,R-HSA-5690046.3
16669,R-HSA-9727349.2
16793,R-HSA-196840.4
16825,R-HSA-109903.4
24674,R-HSA-109903.4
16825,R-HSA-73599.4
24674,R-HSA-73599.4
16825,R-HSA-8954327.2
24674,R-HSA-8954327.2
16833,R-HSA-3323013.3
16833,R-HSA-3341277.3
16833,R-HSA-3341397.3
16833,R-HSA-3343700.3
16833,R-HSA-71676.4
16845,R-HSA-70975.4
16853,R-HSA-73828.3
16865,R-HSA-192341.2
16869,R-HSA-2162002.4
16877,R-HSA-1655443.4
16877,R-HSA-6814165.3
16881,R-HSA-9013198.2
16893,R-HSA-175987.4
16957,R-HSA-4086392.3
16957,R-HSA-418456.2
16957,R-HSA-74059.2
16989,R-HSA-1855225.3
17025,R-HSA-5661240.3
17065,R-HSA-191380.2
17129,R-HSA-73812.4
17137,R-HSA-76500.3
17157,R-HSA-200318.3
17157,R-HSA-200326.3
17185,R-HSA-514604.5
17237,R-HSA-196929.4
17305,R-HSA-5693373.4
17433,R-HSA-6797961.3
17441,R-HSA-9012597.2
17453,R-HSA-73814.4
17473,R-HSA-1474146.4
17485,R-HSA-265296.3
17561,R-HSA-372519.6
17617,R-HSA-266050.3
17641,R-HSA-350598.2
17661,R-HSA-70997.6
17681,R-HSA-70885.5
17681,R-HSA-508473.4
17785,R-HSA-888572.3
17785,R-HSA-888577.3
17889,R-HSA-5696415.3
17961,R-HSA-266051.4
17973,R-HSA-74215.6
25424,R-HSA-74215.6
17985,R-HSA-71260.7
18029,R-HSA-70555.5
18093,R-HSA-73585.3
18113,R-HSA-6806877.4
18133,R-HSA-174392.4
18145,R-HSA-70333.8
18157,R-HSA-71670.8
18161,R-HSA-77304.3
18169,R-HSA-6784423.3
18245,R-HSA-196773.4
18245,R-HSA-9837337.1
18253,R-HSA-9012036.4
18253,R-HSA-9012349.4
18257,R-HSA-189421.3
18321,R-HSA-70724.7
18321,R-HSA-508179.5
18393,R-HSA-909780.2
18445,R-HSA-73797.3
18493,R-HSA-159566.3
18533,R-HSA-209859.2
18561,R-HSA-194674.2
18585,R-HSA-70481.5
18585,R-HSA-70454.4
18593,R-HSA-428681.4
33507,R-HSA-428681.4
18629,R-HSA-197198.3
18629,R-HSA-8955030.2
18633,R-HSA-73577.5
18737,R-HSA-8959510.2
18781,R-HSA-977317.4
18793,R-HSA-6787329.3
18821,R-HSA-264622.3
18965,R-HSA-189488.3
19069,R-HSA-5694071.3
19129,R-HSA-73632.4
19169,R-HSA-9034539.3
19201,R-HSA-109671.5
23452,R-HSA-109671.5
19297,R-HSA-6786245.2
19301,R-HSA-175993.2
19361,R-HSA-191303.3
19361,R-HSA-9717830.2
19373,R-HSA-70938.5
19453,R-HSA-507775.3
19453,R-HSA-70523.5
19453,R-HSA-507749.3
19453,R-HSA-70524.4
19513,R-HSA-70560.4
19629,R-HSA-389540.5
19629,R-HSA-389550.3
19629,R-HSA-450984.6
19669,R-HSA-8851234.5
29387,R-HSA-8851234.5
19713,R-HSA-548843.3
19741,R-HSA-389580.2
19797,R-HSA-1855174.3
19797,R-HSA-1855222.3
19801,R-HSA-196754.4
19865,R-HSA-189425.3
19889,R-HSA-70286.6
19937,R-HSA-6798317.2
19973,R-HSA-351210.2
19985,R-HSA-5692237.2
19989,R-HSA-1237096.2
19989,R-HSA-1299507.2
20013,R-HSA-73573.5
20289,R-HSA-390304.3
20305,R-HSA-9856794.1
20309,R-HSA-1222704.2
20309,R-HSA-76031.3
20313,R-HSA-1855176.3
20313,R-HSA-1855179.3
20433,R-HSA-5662471.3
20441,R-HSA-1614645.4
20521,R-HSA-5696457.2
20521,R-HSA-73920.3
20521,R-HSA-73912.3
20545,R-HSA-71200.3
20553,R-HSA-71020.3
20569,R-HSA-452036.4
20569,R-HSA-70569.4
20696,R-HSA-1222462.2
20696,R-HSA-1222469.2
20696,R-HSA-3299680.2
20696,R-HSA-3299682.2
20696,R-HSA-3299691.2
20696,R-HSA-3777112.3
20824,R-HSA-109624.5
23452,R-HSA-109624.5
20840,R-HSA-977301.2
20844,R-HSA-70501.8
20940,R-HSA-1855197.3
20940,R-HSA-2267372.4
20964,R-HSA-893583.2
21016,R-HSA-6797627.2
21036,R-HSA-73916.5
21036,R-HSA-8848215.4
21036,R-HSA-74181.4
21080,R-HSA-174391.2
21080,R-HSA-5603114.2
21132,R-HSA-74258.5
21136,R-HSA-390291.3
21160,R-HSA-75848.7
21208,R-HSA-977324.3
21232,R-HSA-70899.5
21284,R-HSA-5362518.2
21284,R-HSA-5362564.2
21360,R-HSA-8939959.4
21376,R-HSA-9856718.1
21380,R-HSA-389622.3
21432,R-HSA-70979.5
21432,R-HSA-9856871.1
21536,R-HSA-70785.6
21644,R-HSA-75887.3
21700,R-HSA-1237129.2
21708,R-HSA-174401.3
21824,R-HSA-70592.8
21824,R-HSA-70596.4
21824,R-HSA-70581.3
21824,R-HSA-70613.7
21844,R-HSA-177160.3
22120,R-HSA-71775.6
22168,R-HSA-70369.4
22232,R-HSA-191402.2
22324,R-HSA-266072.3
22336,R-HSA-1614654.4
22384,R-HSA-1855198.3
22408,R-HSA-191322.3
22408,R-HSA-9717834.2
22484,R-HSA-5696197.2
22628,R-HSA-73805.4
22672,R-HSA-191405.3
22860,R-HSA-197235.7
22860,R-HSA-200474.6
22860,R-HSA-200512.6
22888,R-HSA-71010.3
22924,R-HSA-73596.6
22964,R-HSA-70692.2
23032,R-HSA-73810.4
23176,R-HSA-449911.3
23176,R-HSA-71735.2
23176,R-HSA-8875071.2
23284,R-HSA-191382.2
23352,R-HSA-916855.4
23444,R-HSA-70510.8
23444,R-HSA-6807826.5
23444,R-HSA-71849.9
23516,R-HSA-6799495.3
23532,R-HSA-159425.2
43764,R-HSA-159425.2
23536,R-HSA-9638125.4
23536,R-HSA-9638127.4
23580,R-HSA-76496.4
23596,R-HSA-173597.3
23632,R-HSA-70967.6
23660,R-HSA-70906.3
23680,R-HSA-8850846.7
23680,R-HSA-8851110.4
23724,R-HSA-3204311.2
23732,R-HSA-191414.2
23804,R-HSA-446185.2
23820,R-HSA-6787632.2
23844,R-HSA-8959719.3
23884,R-HSA-5359451.2
23916,R-HSA-8863761.1
23920,R-HSA-73800.3
24020,R-HSA-70573.4
24064,R-HSA-189439.4
24152,R-HSA-174389.4
24248,R-HSA-389684.4
24248,R-HSA-904864.4
24292,R-HSA-70542.5
24296,R-HSA-73571.4
24384,R-HSA-197271.3
24388,R-HSA-74376.5
24388,R-HSA-74372.4
24404,R-HSA-6788597.2
24404,R-HSA-74180.3
24408,R-HSA-5693346.2
24424,R-HSA-198813.4
24504,R-HSA-1237119.2
24508,R-HSA-2161651.4
24520,R-HSA-70940.5
24576,R-HSA-449937.3
24576,R-HSA-6788912.3
24576,R-HSA-71732.8
24592,R-HSA-1483190.2
24600,R-HSA-1614544.3
24616,R-HSA-5693390.2
24616,R-HSA-5696822.2
24616,R-HSA-6810594.2
24616,R-HSA-8862137.3
24616,R-HSA-804969.3
24670,R-HSA-9727347.3
24734,R-HSA-880033.3
24734,R-HSA-880002.4
25033,R-HSA-2464803.3
25033,R-HSA-2464822.2
25033,R-HSA-2465940.2
25033,R-HSA-5419165.2
25033,R-HSA-5615668.2
25033,R-HSA-5623643.2
25104,R-HSA-964958.2
25108,R-HSA-964962.2
25143,R-HSA-71217.3
25156,R-HSA-196753.4
25160,R-HSA-70654.4
25160,R-HSA-70666.4
25217,R-HSA-209792.2
25253,R-HSA-4085028.3
25265,R-HSA-141200.2
25269,R-HSA-209903.2
25277,R-HSA-111955.2
25277,R-HSA-111962.3
25277,R-HSA-162425.5
25277,R-HSA-418553.3
25277,R-HSA-9629675.4
25277,R-HSA-9644869.3
25277,R-HSA-9705507.2
25277,R-HSA-9708261.2
25277,R-HSA-9865748.1
25290,R-HSA-71707.3
25294,R-HSA-5696091.2
25294,R-HSA-71691.3
25294,R-HSA-71723.3
25311,R-HSA-389842.6
25355,R-HSA-389611.3
25480,R-HSA-74177.4
25568,R-HSA-8869606.4
25568,R-HSA-8869607.4
25576,R-HSA-189423.3
25580,R-HSA-6787677.2
25625,R-HSA-5696131.2
25674,R-HSA-6810410.3
25800,R-HSA-141351.2
25804,R-HSA-141341.2
25812,R-HSA-141348.2
26136,R-HSA-5693742.3
26136,R-HSA-5693751.3
26337,R-HSA-5696838.2
26389,R-HSA-5164399.2
26426,R-HSA-504054.5
26426,R-HSA-73647.5
26526,R-HSA-5676637.3
26526,R-HSA-8957389.3
26558,R-HSA-77314.3
27429,R-HSA-75899.5
27453,R-HSA-209921.2
27646,R-HSA-74242.6
27646,R-HSA-112033.6
27670,R-HSA-1855154.3
27674,R-HSA-482619.4
27674,R-HSA-482621.4
27714,R-HSA-109470.5
27718,R-HSA-109470.5
29379,R-HSA-109470.5
29383,R-HSA-109470.5
27714,R-HSA-74248.5
27718,R-HSA-74248.5
29379,R-HSA-74248.5
29383,R-HSA-74248.5
28150,R-HSA-351208.2
28218,R-HSA-6789031.2
28218,R-HSA-6789126.3
28234,R-HSA-70655.3
28234,R-HSA-70667.4
28342,R-HSA-2509838.6
28354,R-HSA-77345.3
28358,R-HSA-77274.3
28610,R-HSA-2509831.6
28783,R-HSA-1247910.3
28807,R-HSA-8943279.3
29375,R-HSA-109387.6
29379,R-HSA-109387.6
29383,R-HSA-109387.6
29375,R-HSA-109415.4
29387,R-HSA-8851089.5
29387,R-HSA-8851538.5
29399,R-HSA-2509827.6
29555,R-HSA-6810464.2
29863,R-HSA-1008248.4
30087,R-HSA-880050.3
30235,R-HSA-70679.5
30267,R-HSA-9640302.2
30547,R-HSA-77325.3
30591,R-HSA-141202.2
30591,R-HSA-5696146.2
30683,R-HSA-4085021.3
30719,R-HSA-70844.5
30731,R-HSA-77319.4
30735,R-HSA-1855211.3
30739,R-HSA-1855210.3
30747,R-HSA-77299.3
30751,R-HSA-201035.3
30751,R-HSA-434382.3
30783,R-HSA-6813749.4
30799,R-HSA-77312.3
30815,R-HSA-8940074.5
30847,R-HSA-71046.6
30851,R-HSA-70342.7
30943,R-HSA-77338.3
31039,R-HSA-77263.3
31075,R-HSA-77256.3
31087,R-HSA-77340.3
31091,R-HSA-77271.3
31103,R-HSA-197963.3
31103,R-HSA-9709098.2
31111,R-HSA-77321.3
31119,R-HSA-70830.3
31143,R-HSA-77323.3
31151,R-HSA-2408543.3
31159,R-HSA-77303.3
31163,R-HSA-77301.3
31167,R-HSA-77283.3
31171,R-HSA-77277.3
31175,R-HSA-70870.5
31179,R-HSA-77254.3
31183,R-HSA-77309.3
31187,R-HSA-77342.3
31191,R-HSA-77344.3
31195,R-HSA-77331.3
31199,R-HSA-77333.3
31203,R-HSA-77329.3
31207,R-HSA-77327.3
31211,R-HSA-2408551.2
31215,R-HSA-380608.4
31239,R-HSA-190182.3
31283,R-HSA-188467.3
31563,R-HSA-266046.6
31575,R-HSA-2395849.5
31575,R-HSA-2395869.5
31583,R-HSA-2395818.6
31763,R-HSA-1237102.3
31979,R-HSA-139970.3
32063,R-HSA-2395876.6
32063,R-HSA-2395879.5
32227,R-HSA-6806966.3
32231,R-HSA-6806967.3
32947,R-HSA-6800334.2
33031,R-HSA-5652195.7
33099,R-HSA-351207.2
33207,R-HSA-508040.3
33739,R-HSA-5696080.5
33999,R-HSA-195690.3
34087,R-HSA-264695.5
34091,R-HSA-5696408.4
34287,R-HSA-5662692.2
34903,R-HSA-2408556.2
34927,R-HSA-2408542.2
34935,R-HSA-9825790.1
35207,R-HSA-2509816.6
35211,R-HSA-2509793.6
35219,R-HSA-2395965.5
35299,R-HSA-548818.4
35315,R-HSA-548814.3
35327,R-HSA-548815.4
35351,R-HSA-548831.4
35587,R-HSA-196950.4
35647,R-HSA-3244614.4
36315,R-HSA-390425.4
36315,R-HSA-390438.4
36475,R-HSA-548800.4
36495,R-HSA-70420.6
36515,R-HSA-548830.3
36799,R-HSA-8850854.5
36799,R-HSA-8851129.4
37107,R-HSA-5694126.2
37335,R-HSA-73618.4
37339,R-HSA-73620.5
37459,R-HSA-1855216.3
37467,R-HSA-1855157.3
37467,R-HSA-1855194.3
38167,R-HSA-8848582.4
38175,R-HSA-8848585.4
39119,R-HSA-2066787.2
39131,R-HSA-2066788.3
39211,R-HSA-390252.4
39211,R-HSA-6809263.3
40455,R-HSA-192056.2
40459,R-HSA-389889.4
40459,R-HSA-389891.3
40715,R-HSA-75879.3
41336,R-HSA-2161950.4
41572,R-HSA-2161779.5
41592,R-HSA-2161844.5
42060,R-HSA-5362721.2
42080,R-HSA-5362522.2
42084,R-HSA-5696101.2
42452,R-HSA-893597.2
42452,R-HSA-893609.2
42596,R-HSA-140355.3
42596,R-HSA-2309787.3
42600,R-HSA-140359.3
42600,R-HSA-2309773.8
43388,R-HSA-1855202.3
43392,R-HSA-1855180.3
43836,R-HSA-192123.2
43924,R-HSA-196350.2
43928,R-HSA-193052.3
44016,R-HSA-389609.4
44040,R-HSA-9915994.1
44044,R-HSA-9915986.1
44048,R-HSA-9915968.1
44860,R-HSA-390281.3
44904,R-HSA-3262512.5
44904,R-HSA-3266566.5
44904,R-HSA-71825.5
44960,R-HSA-8952873.2
44976,R-HSA-390284.3
45312,R-HSA-2161549.4
45316,R-HSA-2161614.4
45752,R-HSA-109998.3
45912,R-HSA-6786720.3
46044,R-HSA-6809808.4
46132,R-HSA-191983.2
46148,R-HSA-8866601.5
47088,R-HSA-193455.2
47264,R-HSA-389632.4
47724,R-HSA-6785928.3
48584,R-HSA-2161775.6
48588,R-HSA-9916401.1
48616,R-HSA-266012.5
48620,R-HSA-2161946.4
48644,R-HSA-2161613.4
48820,R-HSA-9027532.3
48852,R-HSA-9026408.4
50044,R-HSA-6810474.3
50204,R-HSA-9018858.3
50536,R-HSA-2161659.4
50540,R-HSA-2161666.4
50544,R-HSA-2161735.4
50556,R-HSA-2161733.4
50608,R-HSA-2161567.4
50708,R-HSA-2161999.4
50820,R-HSA-469659.4
50820,R-HSA-9705713.2
50820,R-HSA-9705714.2
50832,R-HSA-9027607.4
50840,R-HSA-9020275.3
50900,R-HSA-2161949.4
51064,R-HSA-176588.3
51188,R-HSA-1222407.3
51188,R-HSA-1497878.3
51188,R-HSA-3697855.2
51188,R-HSA-8942052.2
51192,R-HSA-880053.3
51216,R-HSA-176631.3
51220,R-HSA-3301943.2
51300,R-HSA-9673053.3
51300,R-HSA-9673054.3
51724,R-HSA-6810472.2
51968,R-HSA-9018863.3
52020,R-HSA-9018901.3
52024,R-HSA-9018867.3
52312,R-HSA-2161732.4
52356,R-HSA-176517.3
52368,R-HSA-176609.3
52372,R-HSA-176521.3
53508,R-HSA-9026777.3
53508,R-HSA-9026780.3
53512,R-HSA-9026757.3
53536,R-HSA-9024993.3
53540,R-HSA-9026771.4
53548,R-HSA-2161563.4
54536,R-HSA-5695957.3
54536,R-HSA-5696007.3
54536,R-HSA-8875077.3
54536,R-HSA-9914143.1
54912,R-HSA-2465921.4
57168,R-HSA-880007.4
57816,R-HSA-8953339.2
57840,R-HSA-6809561.3
57840,R-HSA-6809565.4
58284,R-HSA-73616.3
58436,R-HSA-196060.4
59408,R-HSA-5691507.3
59424,R-HSA-5696183.2
61240,R-HSA-2160492.3
61668,R-HSA-159567.4
62356,R-HSA-2395873.6
63180,R-HSA-1222376.2
63180,R-HSA-1236967.2
63180,R-HSA-1497810.4
63180,R-HSA-6807557.2
64880,R-HSA-8851225.5
64960,R-HSA-8851225.5
64988,R-HSA-6809354.4
64988,R-HSA-8938314.2
64988,R-HSA-9837354.1
65396,R-HSA-9731228.2
65920,R-HSA-893596.5
65920,R-HSA-901097.2
66548,R-HSA-176646.4
67392,R-HSA-2395872.6
67600,R-HSA-9731590.2
67604,R-HSA-9731613.2
67608,R-HSA-9731632.2
67700,R-HSA-2066779.2
67880,R-HSA-159358.4
67944,R-HSA-6787811.3
67968,R-HSA-8952137.2
68012,R-HSA-74247.6
68328,R-HSA-9837419.1
68356,R-HSA-5693783.2
68616,R-HSA-194023.3
68648,R-HSA-1614591.4
68652,R-HSA-1614567.4
69072,R-HSA-141186.4
69416,R-HSA-8855490.2
69819,R-HSA-1655453.5
70287,R-HSA-1855169.3
70299,R-HSA-9640307.2
70319,R-HSA-1855232.3
70911,R-HSA-8955760.4
72255,R-HSA-379387.7
72255,R-HSA-8955010.3
75515,R-HSA-9753944.2
76691,R-HSA-2161959.4
76695,R-HSA-2161791.4
76715,R-HSA-9020273.3
77143,R-HSA-1855163.3
77155,R-HSA-1855200.3
77155,R-HSA-1855205.3
77171,R-HSA-3076905.2
77171,R-HSA-4167509.2
78455,R-HSA-1606602.3
78631,R-HSA-390256.3
78635,R-HSA-390251.5
78635,R-HSA-6809264.3
78639,R-HSA-390250.4
79695,R-HSA-71249.7
80835,R-HSA-4084976.3
80839,R-HSA-4084989.3
80843,R-HSA-4084982.3
81451,R-HSA-429786.4
81451,R-HSA-429798.4
